actor,movie_or_TV_name
Arthur Ortiz,Spider-Man: Across the Spider-Verse
Arthur Ortiz,Lightyear
Arthur Ortiz,Single Drunk Female
Arthur Ortiz,What If...?
Arthur Ortiz,Trollhunters: Rise of the Titans
Arthur Ortiz,Spies in Disguise
Arthur Ortiz,Frozen II
Arthur Ortiz,The Secret Life of Pets 2
Arthur Ortiz,Spider-Man: Into the Spider-Verse
Arthur Ortiz,The Book of Life
Arthur Ortiz,Wendell & Wild
Donna Lynn Leavy,Spider-Man: Into the Spider-Verse
Donna Lynn Leavy,The Call
Donna Lynn Leavy,Curious George
Donna Lynn Leavy,Vital Signs
Donna Lynn Leavy,Family Matters
Donna Lynn Leavy,Extremities
Donna Lynn Leavy,Night Court
Donna Lynn Leavy,Sympathy for Delicious
Donna Lynn Leavy,Shrek
Devika Parikh,The Kings of Napa
Devika Parikh,Aquaman
Devika Parikh,Spider-Man: Into the Spider-Verse
Devika Parikh,9-1-1
Devika Parikh,King of the Underground
Devika Parikh,Rizzoli & Isles
Devika Parikh,Good Luck Charlie
Devika Parikh,Ice Age: Dawn of the Dinosaurs
Devika Parikh,Criminal Minds
Devika Parikh,Madagascar
Devika Parikh,Lil' Pimp
Devika Parikh,Our Father
Juan Pacheco,Spider-Man: Across the Spider-Verse
Juan Pacheco,Paws of Fury: The Legend of Hank
Juan Pacheco,Hotel Transylvania: Transformania
Juan Pacheco,The Mitchells vs. the Machines
Juan Pacheco,Missing Link
Juan Pacheco,"Love, Death & Robots"
Juan Pacheco,Spider-Man: Into the Spider-Verse
Juan Pacheco,The Predator
Juan Pacheco,Rosewood
Juan Pacheco,Tinker Bell and the Pirate Fairy
Juan Pacheco,The Prisoner
Juan Pacheco,The Boys & Girls Guide to Getting Down
Devika Parikh,NCIS
Devika Parikh,The Jungle Book 2
Devika Parikh,That's So Raven
Devika Parikh,Book of Love: The Definitive Reason Why Men Are Dogs
Devika Parikh,24
Devika Parikh,Something to Sing About
Devika Parikh,Judgment Day
Devika Parikh,How to Be a Player
Devika Parikh,Nothing But the Truth
Devika Parikh,Chicago Hope
Devika Parikh,Frasier
Devika Parikh,Martin
Devika Parikh,The Fresh Prince of Bel-Air
Shameik Moore,Spider-Man: Beyond the Spider-Verse
Shameik Moore,The Spider Within: A Spider-Verse Story
Shameik Moore,Spider-Man: Across the Spider-Verse
Shameik Moore,Enter The Spider-Verse: A Spider-Man Special
Shameik Moore,Samaritan
Shameik Moore,Cut Throat City
Shameik Moore,Dishmantled
Shameik Moore,Let It Snow
Shameik Moore,Pretenders
Shameik Moore,Wu-Tang: An American Saga
Shameik Moore,Spider-Man: Into the Spider-Verse
Shameik Moore,Drop the Mic
Shameik Moore,The Get Down
Shameik Moore,Dope
Shameik Moore,The Watsons Go to Birmingham
Shameik Moore,Incredible Crew
Shameik Moore,Joyful Noise
Shameik Moore,An Elf's Story
Terrence Hardy Jr.,All American: Homecoming
Terrence Hardy Jr.,Perry Mason
Terrence Hardy Jr.,Spider-Man: Into the Spider-Verse
Terrence Hardy Jr.,Craig of the Creek
Terrence Hardy Jr.,Amazing Love
Terrence Hardy Jr.,Sons of Tucson
Terrence Hardy Jr.,Madagascar: Escape 2 Africa
Terrence Hardy Jr.,Back to You
Terrence Hardy Jr.,Re-Animated
Terrence Hardy Jr.,Curious George
Terrence Hardy Jr.,Serenity
Terrence Hardy Jr.,Ghost Whisperer
Terrence Hardy Jr.,Monk
Andrew Leviton,Spider-Man: Across the Spider-Verse
Andrew Leviton,Spider-Man: Into the Spider-Verse
Andrew Leviton,Spider-Man: Across the Spider-Verse
Andrew Leviton,Spider-Man: Into the Spider-Verse
Michelle Jubilee Gonzalez,Spider-Man: Across the Spider-Verse
Michelle Jubilee Gonzalez,Just One Kiss
Michelle Jubilee Gonzalez,Mi fortuna es amarte
Michelle Jubilee Gonzalez,The Premise
Michelle Jubilee Gonzalez,The Tax Collector
Michelle Jubilee Gonzalez,A Holiday Boyfriend
Michelle Jubilee Gonzalez,Spider-Man: Into the Spider-Verse
Michelle Jubilee Gonzalez,SEAL Team
Michelle Jubilee Gonzalez,Smartass
Michelle Jubilee Gonzalez,Female Fight Squad
Michelle Jubilee Gonzalez,Pimpkillah
Michelle Jubilee Gonzalez,They Call Me Superseven
Michelle Jubilee Gonzalez,Superseven Unchained
Michelle Jubilee Gonzalez,Jane the Virgin
Michelle Jubilee Gonzalez,RuPaul's Drag Race
Michelle Jubilee Gonzalez,Shotgun Wedding
Michelle Jubilee Gonzalez,Bullet Train
Michelle Jubilee Gonzalez,Shang-Chi and the Legend of the Ten Rings
Michelle Jubilee Gonzalez,Malignant
Michelle Jubilee Gonzalez,A Quiet Place Part II
Michelle Jubilee Gonzalez,The Babysitter: Killer Queen
Michelle Jubilee Gonzalez,There's No Such Thing as Vampires
Michelle Jubilee Gonzalez,Smartass
Michelle Jubilee Gonzalez,Wet Hot American Summer: Ten Years Later
Michelle Jubilee Gonzalez,The Fate of the Furious
Michelle Jubilee Gonzalez,Rehearsal
Michelle Jubilee Gonzalez,Pimpkillah
Michelle Jubilee Gonzalez,Pimpkillah
Scott Menville,The Super Mario Bros. Movie
Rif Hutton,Rattled!
Rif Hutton,The Rookie: Feds
Rif Hutton,Emily the Criminal
Rif Hutton,Paws of Fury: The Legend of Hank
Rif Hutton,Lightyear
Lex Lang,Spider-Man: Across the Spider-Verse
Lex Lang,Night at the Museum: Kahmunrah Rises Again
Lex Lang,Paws of Fury: The Legend of Hank
Lex Lang,Hotel Transylvania: Transformania
Lex Lang,The Mitchells vs. the Machines
Lex Lang,Fame-ish
Lex Lang,"Love, Death & Robots"
Lex Lang,Doom Patrol
Lex Lang,Spider-Man: Into the Spider-Verse
Lex Lang,Hotel Transylvania 3: Summer Vacation
Lex Lang,The Ladybug
Lex Lang,The Star
Lex Lang,The Son of Bigfoot
Lex Lang,Ukraine on Fire
Lex Lang,Betty Goes a-Posen
Scott Menville,Missing
Scott Menville,Night Court
Scott Menville,Oddballs
Scott Menville,I Am Groot
Scott Menville,The Little Guy
Scott Menville,Paws of Fury: The Legend of Hank
Scott Menville,Teen Titans Go! & DC Super Hero Girls: Mayhem in the Multiverse
Scott Menville,Vivo
Scott Menville,Teen Titans Go! See Space Jam
Scott Menville,DC FanDome 2021
Scott Menville,Close Enough
Scott Menville,Dolittle
Scott Menville,Frozen II
Scott Menville,Infinity Train
Scott Menville,The Angry Birds Movie 2
Scott Menville,Lego DC Batman: Family Matters
Scott Menville,Teen Titans Go! vs. Teen Titans
Scott Menville,Amphibia
Scott Menville,The Secret Life of Pets 2
Scott Menville,Missing Link
Scott Menville,LEGO DC Super Heroes - Aquaman: Rage Of Atlantis
Scott Menville,Spider-Man: Into the Spider-Verse
Scott Menville,Teen Titans Go! To the Movies
Scott Menville,The Campus
Scott Menville,Stretch Armstrong & the Flex Fighters
Rif Hutton,The Estate
Rif Hutton,Unbelievable
Rif Hutton,Famous and Fatal
Rif Hutton,The Angry Birds Movie 2
Rif Hutton,Spider-Man: Into the Spider-Verse
Rif Hutton,Hotel Transylvania 3: Summer Vacation
Rif Hutton,The Star
Rif Hutton,Resident Evil: Vendetta
Rif Hutton,Ice Age: Collision Course
Rif Hutton,"Mogadishu, Minnesota"
Rif Hutton,The Carmichael Show
Rif Hutton,Bosch
Rif Hutton,How to Get Away with Murder
Rif Hutton,Rio 2
Rif Hutton,Mr. Peabody & Sherman
Rif Hutton,Epic
Rif Hutton,Hotel Transylvania
Rif Hutton,The Encounter 2: Paradise Lost
Rif Hutton,People Like Us
Rif Hutton,American Horror Story
Rif Hutton,Rio
Rif Hutton,Caprica
Lex Lang,Rogue One: A Star Wars Story
Lex Lang,Bling
Lex Lang,DC's Legends of Tomorrow
Lex Lang,Hotel Transylvania 2
Lex Lang,Secret of Water
Lex Lang,Mom
Lex Lang,"Batman: The Dark Knight Returns, Part 2"
Lex Lang,A Turtle's Tale 2: Sammy's Escape from Paradise
Lex Lang,The Avengers: Earth's Mightiest Heroes
Lex Lang,Regular Show
Lex Lang,Batgirl: Year One
Lex Lang,Happily N'Ever After 2
Lex Lang,Batman: The Brave and the Bold
Lex Lang,Justice League: The New Frontier
Lex Lang,Legion of Super Heroes
Lex Lang,Water
Lex Lang,The Avenging Apes of Africa
Lex Lang,Ark
Lex Lang,Thru the Moebius Strip
Lex Lang,The Batman
Scott Menville,The Star
Scott Menville,Olaf's Frozen Adventure
Scott Menville,Marvel's Spider-Man
Scott Menville,The Emoji Movie
Scott Menville,Smurfs: The Lost Village
Scott Menville,Turtles Take Time (and Space)
Scott Menville,LEGO DC Comics Super Heroes: Justice League - Gotham City Breakout
Scott Menville,Fuller House
Scott Menville,Lego Scooby-Doo!: Haunted Hollywood
Scott Menville,Second Chance
Scott Menville,Rosewood
Scott Menville,We Bare Bears
Scott Menville,Dragons: Race to the Edge
Scott Menville,Star vs. the Forces of Evil
Scott Menville,Monster Pack
Scott Menville,The 7D
Scott Menville,Legends of Oz: Dorothy's Return
Scott Menville,Tinker Bell and the Pirate Fairy
Scott Menville,Mr. Peabody & Sherman
Scott Menville,Frozen
Scott Menville,Cloudy with a Chance of Meatballs 2
Scott Menville,Teen Titans Go!
Scott Menville,Wreck-It Ralph
Scott Menville,Hotel Transylvania
Rif Hutton,JONAS L.A.
Rif Hutton,The Mentalist
Rif Hutton,Eureka
Rif Hutton,Best Kept Secret
Rif Hutton,Stick It
Rif Hutton,Curious George
Rif Hutton,Pope Dreams
Rif Hutton,Single White Female 2: The Psycho
Rif Hutton,Halfway Decent
Rif Hutton,Ghost Whisperer
Rif Hutton,The Madagascar Penguins in a Christmas Caper
Rif Hutton,House
Rif Hutton,Listen Up!
Rif Hutton,Cold Case
Rif Hutton,NCIS
Rif Hutton,Rock Me Baby
Rif Hutton,That's So Raven
Rif Hutton,CSI: Miami
Rif Hutton,Monk
Rif Hutton,The Shield
Rif Hutton,The Bernie Mac Show
Rif Hutton,CSI: Crime Scene Investigation
Rif Hutton,Odd Man Out
Rif Hutton,Get Real
Rif Hutton,Restraining Order
Rif Hutton,The Thirteenth Floor
Rif Hutton,Buffy the Vampire Slayer
Rif Hutton,The Jamie Foxx Show
Rif Hutton,3rd Rock from the Sun
Rif Hutton,JAG
Lex Lang,Justice League Unlimited
Lex Lang,Little Alvin and the Mini-Munks
Lex Lang,Tutenstein
Lex Lang,Immortal Grand Prix
Lex Lang,Asterix & Obelix: Mission Cleopatra
Lex Lang,Digimon: The Movie
Lex Lang,Vampires
Lex Lang,Dead Tides
Lex Lang,Turbo: A Power Rangers Movie
Lex Lang,Blood Justice
Lex Lang,Power Rangers
Lex Lang,"Love, Death & Robots"
Scott Menville,ParaNorman
Scott Menville,Gravity Falls
Scott Menville,Franklin & Bash
Scott Menville,Young Justice
Scott Menville,G.I. Joe: Renegades
Scott Menville,Tangled
Scott Menville,Open Season 3
Scott Menville,The Avengers: Earth's Mightiest Heroes
Scott Menville,Scooby-Doo! Camp Scare
Scott Menville,A Turtle's Tale: Sammy's Adventures
Scott Menville,Scooby-Doo! Mystery Incorporated
Scott Menville,Despicable Me
Scott Menville,Ben 10: Ultimate Alien
Scott Menville,The Time Traveler's Wife
Scott Menville,Bolt
Scott Menville,Batman: The Brave and the Bold
Scott Menville,Open Season 2
Scott Menville,The Mentalist
Scott Menville,Fly Me to the Moon
Scott Menville,Batman: Gotham Knight
Scott Menville,Ben 10: Alien Force
Scott Menville,Knocked Up
Scott Menville,"Scooby-Doo: Agence toutou risques, vol. 2 : Le fantôme de la télé"
Scott Menville,"Scooby-Doo: Agence toutou risques, vol. 1 : Le voleur de vélo"
Scott Menville,Casper's Scare School
Scott Menville,Open Season
Scott Menville,Shaggy & Scooby-Doo Get a Clue!
Rif Hutton,Children of the Corn III: Urban Harvest
Rif Hutton,The Wayans Bros.
Rif Hutton,The Secret World of Alex Mack
Rif Hutton,ER
Rif Hutton,The Force
Rif Hutton,Babylon 5
Rif Hutton,Bigfoot: The Unforgettable Encounter
Rif Hutton,Diagnosis: Murder
Rif Hutton,Moment of Truth: Stalking Back
Rif Hutton,Lois & Clark: The New Adventures of Superman
Rif Hutton,Getting By
Rif Hutton,The Larry Sanders Show
Rif Hutton,Home Improvement
Rif Hutton,Going Under
Rif Hutton,Wings
Rif Hutton,Tribes
Rif Hutton,Family Matters
Rif Hutton,"Doogie Howser, M.D."
Rif Hutton,Alien Nation
Rif Hutton,Seinfeld
Rif Hutton,Shotgun
Rif Hutton,Juarez
Rif Hutton,Beverly Hills Buntz
Rif Hutton,A Different World
Rif Hutton,Full House
Rif Hutton,Married... with Children
Rif Hutton,L.A. Law
Rif Hutton,Pleasures
Rif Hutton,227
Rif Hutton,Crazy like a Fox
Scott Menville,Teen Titans: Trouble in Tokyo
Scott Menville,Chicken Little
Scott Menville,Avatar: The Last Airbender
Scott Menville,American Dad!
Scott Menville,Numb3rs
Scott Menville,Super Robot Monkey Team Hyperforce Go!
Scott Menville,50 First Dates
Scott Menville,NCIS
Scott Menville,The Mullets
Scott Menville,Teen Titans
Scott Menville,Evil Con Carne
Scott Menville,All Grown Up!
Scott Menville,Creepy Freaks
Scott Menville,"Lenore, the Cute Little Dead Girl"
Scott Menville,Justice League
Scott Menville,Scrubs
Scott Menville,The Grim Adventures of Billy and Mandy
Scott Menville,Pigs Next Door
Scott Menville,The Brothers Flub
Scott Menville,Mission Hill
Scott Menville,Jesse
Scott Menville,The Wild Thornberrys
Scott Menville,Celebrity Deathmatch
Scott Menville,Superman: The Animated Series
Scott Menville,Freakazoid!
Scott Menville,Izzy's Quest For Olympic Gold
Scott Menville,The Land Before Time III: The Time of the Great Giving
Rif Hutton,Hunter
Rif Hutton,Night Court
Rif Hutton,Scarecrow and Mrs. King
Rif Hutton,Remington Steele
Rif Hutton,The Jeffersons
Rif Hutton,Shrek
Bridget Hoffman,Paws of Fury: The Legend of Hank
Bridget Hoffman,Doctor Strange in the Multiverse of Madness
Bridget Hoffman,Spirit Untamed
Bridget Hoffman,The Angry Birds Movie 2
Bridget Hoffman,Missing Link
Bridget Hoffman,What We Do in the Shadows
Bridget Hoffman,Spider-Man: Into the Spider-Verse
Bridget Hoffman,The Star
Bridget Hoffman,Olaf's Frozen Adventure
Bridget Hoffman,Resident Evil: Vendetta
Bridget Hoffman,Ash vs Evil Dead
Bridget Hoffman,Hotel Transylvania 2
Bridget Hoffman,Big Hero 6
Scott Menville,The Parent 'Hood
Scott Menville,ER
Scott Menville,Beethoven
Scott Menville,Where on Earth is Carmen Sandiego?
Scott Menville,Where on Earth Is Carmen Sandiego?
Scott Menville,Rugrats
Scott Menville,Rock-A-Doodle
Scott Menville,Flight of Black Angel
Scott Menville,The Little Engine That Could
Scott Menville,Captain Planet and the Planeteers
Scott Menville,Peter Pan & the Pirates
Scott Menville,New Kids on the Block
Scott Menville,The Kingdom Chums - Original Top Ten
Scott Menville,Quantum Leap
Scott Menville,Scooby-Doo and the Ghoul School
Scott Menville,"The Flintstone Kids' ""Just Say No"" Special"
Scott Menville,A Pup Named Scooby-Doo
Scott Menville,The Wonder Years
Scott Menville,Yogi's Great Escape
Scott Menville,Little Wizards
Scott Menville,Full House
Scott Menville,Ernest Goes to Camp
Scott Menville,Kingdom Chums - Little David's Adventure
Scott Menville,My Little Pony
Scott Menville,The New Adventures of Jonny Quest
Scott Menville,The Flintstone Kids
Scott Menville,My Little Pony: The Movie
Bridget Hoffman,Rocky and Bullwinkle
Bridget Hoffman,Legends of Oz: Dorothy's Return
Bridget Hoffman,Tinker Bell and the Pirate Fairy
Bridget Hoffman,Frozen
Bridget Hoffman,Cloudy with a Chance of Meatballs 2
Bridget Hoffman,Epic
Bridget Hoffman,Hotel Transylvania
Bridget Hoffman,DreamWorks Dragons
Bridget Hoffman,Total Recall
Bridget Hoffman,A Turtle's Tale 2: Sammy's Escape from Paradise
Bridget Hoffman,Dragons: Gift of the Night Fury
Bridget Hoffman,Tangled
Bridget Hoffman,Caprica
Bridget Hoffman,Drag Me to Hell
Bridget Hoffman,Madagascar: Escape 2 Africa
Bridget Hoffman,Strait Jacket
Bridget Hoffman,Eureka
Bridget Hoffman,Over the Hedge
Bridget Hoffman,The Wild
Bridget Hoffman,Curious George
Bridget Hoffman,Veronica Mars
Caitlin McKenna,Spider-Man: Across the Spider-Verse
Caitlin McKenna,Midway
Scott Menville,Rainbow Brite and the Star Stealer
Scott Menville,Amazing Stories
Scott Menville,The Golden Girls
Scott Menville,Rainbow Brite
Scott Menville,Cabbage Patch Kids: First Christmas
Scott Menville,Punky Brewster
Scott Menville,The Get Along Gang
Scott Menville,Deck the Halls with Wacky Walls
Scott Menville,Newhart
Scott Menville,Scooby-Doo and Scrappy-Doo
Scott Menville,Elemental
Bridget Hoffman,The Hunchback of Notre Dame II
Bridget Hoffman,Asterix & Obelix: Mission Cleopatra
Bridget Hoffman,Running Time
Bridget Hoffman,Xtro 3: Watch the Skies
Bridget Hoffman,Hercules: The Legendary Journeys
Bridget Hoffman,"Her Final Fury: Betty Broderick, the Last Chapter"
Bridget Hoffman,ER
Bridget Hoffman,Double Exposure
Bridget Hoffman,Army of Darkness
Bridget Hoffman,Space Case
Bridget Hoffman,Shout
Bridget Hoffman,Darkman
Bridget Hoffman,Time Trackers
Bridget Hoffman,Plain Clothes
Bridget Hoffman,The Taking of Flight 847: The Uli Derickson Story
Bridget Hoffman,Crimewave
Bridget Hoffman,Sam Raimi Early Shorts
Bridget Hoffman,"Cleveland Smith, Bounty Hunter"
Bridget Hoffman,Shrek
Bridget Hoffman,Double Exposure
Caitlin McKenna,Trial by Fire
Caitlin McKenna,"Love, Death & Robots"
Caitlin McKenna,Aquaman
Caitlin McKenna,Spider-Man: Into the Spider-Verse
Caitlin McKenna,The Predator
Caitlin McKenna,Operation Finale
Caitlin McKenna,Hotel Transylvania 3: Summer Vacation
Caitlin McKenna,Justice League
Caitlin McKenna,Blade Runner 2049
Caitlin McKenna,Table 19
Caitlin McKenna,The Founder
Caitlin McKenna,Star Trek Beyond
Caitlin McKenna,Batman v Superman: Dawn of Justice
Caitlin McKenna,The Last Witch Hunter
Caitlin McKenna,This Is Where I Leave You
Caitlin McKenna,Transcendence
Caitlin McKenna,Sabotage
Caitlin McKenna,Endless Love
Caitlin McKenna,RoboCop
Caitlin McKenna,The Internship
Caitlin McKenna,The Bourne Legacy
Caitlin McKenna,Battleship
Caitlin McKenna,Safe House
Caitlin McKenna,Real Steel
Caitlin McKenna,Source Code
Caitlin McKenna,Sucker Punch
Caitlin McKenna,The Rite
Caitlin McKenna,The Twilight Saga: New Moon
Caitlin McKenna,Sorority Row
Caitlin McKenna,Case 39
Caitlin McKenna,The Ugly Truth
Caitlin McKenna,Star Trek
Caitlin McKenna,State of Play
Miguel Jiron,Spider-Ham: Caught in a Ham
Miguel Jiron,Sensory Overload: Interacting with Autism
Miguel Jiron,La-Gar-To
Miguel Jiron,Paint Showers
Miguel Jiron,Spider-Man: Across the Spider-Verse
Miguel Jiron,Spider-Ham: Caught in a Ham
Miguel Jiron,Spider-Man: Into the Spider-Verse
Miguel Jiron,Spider-Ham: Caught in a Ham
Miguel Jiron,Spider-Man: Into the Spider-Verse
Miguel Jiron,Fired Up!
Miguel Jiron,Paint Showers
Miguel Jiron,Spider-Man: Across the Spider-Verse
Miguel Jiron,Spider-Man: Into the Spider-Verse
Miguel Jiron,The Grinch
Miguel Jiron,The Secret Life of Pets
Caitlin McKenna,Knowing
Caitlin McKenna,Watchmen
Caitlin McKenna,The Uninvited
Caitlin McKenna,Valkyrie
Caitlin McKenna,The Tale of Despereaux
Caitlin McKenna,Extreme Movie
Caitlin McKenna,Disaster Movie
Caitlin McKenna,Death Race
Caitlin McKenna,The Rocker
Caitlin McKenna,The Strangers
Caitlin McKenna,Aliens vs Predator: Requiem
Caitlin McKenna,I Am Legend
Caitlin McKenna,The Bourne Ultimatum
Caitlin McKenna,Fantastic Four: Rise of the Silver Surfer
Caitlin McKenna,Disturbia
Caitlin McKenna,The TV Set
Caitlin McKenna,300
Caitlin McKenna,American Pie Presents: The Naked Mile
Caitlin McKenna,Smokin' Aces
Caitlin McKenna,Blood Diamond
Caitlin McKenna,"You, Me and Dupree"
Caitlin McKenna,Shark Bait
Caitlin McKenna,X-Men: The Last Stand
Caitlin McKenna,Just My Luck
Caitlin McKenna,Mission: Impossible III
Caitlin McKenna,Final Destination 3
Caitlin McKenna,Running Scared
Caitlin McKenna,The New World
Caitlin McKenna,Elizabethtown
Caitlin McKenna,The Skeleton Key
Christopher Miller,Silk: Spider Society
Christopher Miller,Untitled Spider-Man Noir Live-Action Series
Christopher Miller,Spider-Man: Beyond the Spider-Verse
Christopher Miller,48 Hours In Vegas
Christopher Miller,Untitled Tyler Nilson and Michael Schwartz Project
Christopher Miller,Untitled Monster Project
Christopher Miller,Everyday Parenting Tips
Christopher Miller,Untitled Lucas Brothers Comedy
Christopher Miller,Project Hail Mary
Christopher Miller,Last Human
Caitlin McKenna,Fantastic Four
Caitlin McKenna,War of the Worlds
Caitlin McKenna,Constantine
Caitlin McKenna,Elektra
Caitlin McKenna,Flight of the Phoenix
Caitlin McKenna,The Bourne Supremacy
Caitlin McKenna,The Clearing
Caitlin McKenna,Dawn of the Dead
Caitlin McKenna,The Butterfly Effect
Caitlin McKenna,Monster
Caitlin McKenna,The Rundown
Caitlin McKenna,American Wedding
Caitlin McKenna,Down with Love
Caitlin McKenna,Daredevil
Caitlin McKenna,Catch Me If You Can
Caitlin McKenna,Like Mike
Caitlin McKenna,Scooby-Doo
Caitlin McKenna,Shallow Hal
Caitlin McKenna,American Pie 2
Caitlin McKenna,The Waterboy
Caitlin McKenna,Spider-Man: Across the Spider-Verse
Caitlin McKenna,Hotel Transylvania: Transformania
Caitlin McKenna,The Mitchells vs. the Machines
Caitlin McKenna,"Love, Death & Robots"
Caitlin McKenna,Spider-Man: Into the Spider-Verse
Caitlin McKenna,The Star
Caitlin McKenna,Star Trek
Caitlin McKenna,Space Chimps
Caitlin McKenna,A Good Year
Christopher Miller,Strays
Christopher Miller,Spider-Man: Across the Spider-Verse
Christopher Miller,Clone High
Christopher Miller,Cocaine Bear
Christopher Miller,The Afterparty
Christopher Miller,America: The Motion Picture
Christopher Miller,The Mitchells vs. the Machines
Christopher Miller,Hoops
Christopher Miller,Bless the Harts
Christopher Miller,The Lego Movie 2: The Second Part
Christopher Miller,Spider-Man: Into the Spider-Verse
Christopher Miller,Smallfoot
Christopher Miller,Solo: A Star Wars Story
Christopher Miller,The Lego Ninjago Movie
Christopher Miller,Brigsby Bear
Christopher Miller,Making History
Christopher Miller,The Lego Batman Movie
Christopher Miller,The Master: A LEGO Ninjago Short
Christopher Miller,Storks
Christopher Miller,22 Jump Street
Christopher Miller,Cloudy with a Chance of Meatballs 2
Christopher Miller,Looking Back to the Future
Christopher Miller,Clone High
Christopher Miller,Spider-Man: Beyond the Spider-Verse
Christopher Miller,Spider-Man: Across the Spider-Verse
Christopher Miller,Clone High
Christopher Miller,The Afterparty
Christopher Miller,The Lego Movie 2: The Second Part
Christopher Miller,The Lego Movie
Christopher Miller,Cloudy with a Chance of Meatballs 2
Christopher Miller,Cloudy with a Chance of Meatballs
Christopher Miller,Extreme Movie
Christopher Miller,Clone High
Harrison Knight,House Party
Harrison Knight,Spider-Man: Into the Spider-Verse
Harrison Knight,The Inspectors
Harrison Knight,The Watsons Go to Birmingham
Harrison Knight,Detroit 1-8-7
Harrison Knight,The Suite Life of Zack & Cody
Caitlin McKenna,Curious George
Caitlin McKenna,Moonlight Mile
Caitlin McKenna,The Last Samurai
Caitlin McKenna,Waterworld
Caitlin McKenna,Backlash
Christopher Miller,Lego: The Animated Series
Christopher Miller,Spider-Man: Across the Spider-Verse
Christopher Miller,Clone High
Christopher Miller,LEGO Masters
Christopher Miller,The Lego Movie 2: The Second Part
Christopher Miller,Spider-Man: Into the Spider-Verse
Christopher Miller,One Brick at a Time: Making the LEGO Batman Movie
Christopher Miller,The Lego Movie
Christopher Miller,Cloudy with a Chance of Meatballs
Christopher Miller,Awesometown
Christopher Miller,Clone High
Christopher Miller,The Premonition: A Pandemic Story
Christopher Miller,Project Hail Mary
Christopher Miller,Last Human
Christopher Miller,Artemis
Christopher Miller,The Afterparty
Christopher Miller,22 Jump Street
Christopher Miller,The Lego Movie
Christopher Miller,Brooklyn Nine-Nine
Christopher Miller,21 Jump Street
Christopher Miller,Cloudy with a Chance of Meatballs
Christopher Miller,Clone High
Christopher Miller,The Afterparty
Christopher Miller,Clone High
Christopher Miller,Lego: The Animated Series
Christopher Miller,Dog Cop 7: The Final Chapter
Christopher Miller,Spider-Ham: Caught in a Ham
Christopher Miller,Sausage Party
Ruth Zalduondo,Spider-Man: Across the Spider-Verse
Ruth Zalduondo,Night at the Museum: Kahmunrah Rises Again
Ruth Zalduondo,Lightyear
Ruth Zalduondo,Spies in Disguise
Ruth Zalduondo,Good Trouble
Ruth Zalduondo,Spider-Man: Into the Spider-Verse
Ruth Zalduondo,Ice Age: Collision Course
Ruth Zalduondo,The Book of Life
Ruth Zalduondo,The Call
Ruth Zalduondo,Dexter
Ruth Zalduondo,NCIS
Ruth Zalduondo,Phone Booth
Ruth Zalduondo,CSI: Miami
Jason Linere-White,Spider-Man: Across the Spider-Verse
Jason Linere-White,The Ice Age Adventures of Buck Wild
Jason Linere-White,The Mitchells vs. the Machines
Jason Linere-White,"Endings, Beginnings"
Jason Linere-White,Spider-Man: Into the Spider-Verse
Melissa Sturm,Spider-Man: Across the Spider-Verse
Melissa Sturm,Hotel Transylvania: Transformania
Melissa Sturm,The Mitchells vs. the Machines
Melissa Sturm,"Love, Death & Robots"
Melissa Sturm,Spider-Man: Into the Spider-Verse
Melissa Sturm,The Emoji Movie
Melissa Sturm,Smurfs: The Lost Village
Melissa Sturm,Surf's Up 2: WaveMania
Melissa Sturm,Open Season: Scared Silly
Melissa Sturm,Hotel Transylvania 2
Melissa Sturm,The Lego Movie
Melissa Sturm,Cloudy with a Chance of Meatballs 2
Melissa Sturm,The Smurfs: The Legend of Smurfy Hollow
Melissa Sturm,The Smurfs: A Christmas Carol
Melissa Sturm,Open Season 3
Melissa Sturm,Cloudy with a Chance of Meatballs
Warren Sroka,Spider-Man: Across the Spider-Verse
Warren Sroka,Paws of Fury: The Legend of Hank
Warren Sroka,Night of the Animated Dead
Warren Sroka,Trollhunters: Rise of the Titans
Warren Sroka,What We Do in the Shadows
Warren Sroka,Spider-Man: Into the Spider-Verse
Warren Sroka,The Star
Warren Sroka,Dragons: Race to the Edge
Warren Sroka,Recess: Taking the Fifth Grade
Warren Sroka,As Told by Ginger
Warren Sroka,The Wild Thornberrys
Warren Sroka,Ace Ventura: When Nature Calls
Warren Sroka,Spider-Man
Joseph Sanfelippo,Spider-Man: Into the Spider-Verse
Joseph Sanfelippo,Hotel Transylvania 3: Summer Vacation
Joseph Sanfelippo,The Star
Joseph Sanfelippo,Ever After High: Dragon Games
Joseph Sanfelippo,Hotel Transylvania 2
Joseph Sanfelippo,Carolina Parakeet
Joseph Sanfelippo,Ever After High: True Hearts Day
Dennis Singletary,Spider-Man: Across the Spider-Verse
Dennis Singletary,Bumblebee
Dennis Singletary,Spider-Man: Into the Spider-Verse
Dennis Singletary,Incredibles 2
Dennis Singletary,Hannah Montana
Dennis Singletary,8 Simple Rules... for Dating My Teenage Daughter
Dennis Singletary,Malcolm in the Middle
Dennis Singletary,The King of Queens
Dennis Singletary,JAG
Dennis Singletary,Sympathy for Delicious
Holly Walker,A Black Lady Sketch Show
Holly Walker,Spider-Man: Into the Spider-Verse
Holly Walker,A Strange Brand of Happy
Holly Walker,Go On
Holly Walker,Fenced Off
Holly Walker,Brothers and Sisters
Holly Walker,Happily After Forever
Holly Walker,A Black Lady Sketch Show
Al Rodrigo,Spider-Man: Across the Spider-Verse
Al Rodrigo,Puss in Boots: The Last Wish
Al Rodrigo,The Paloni Show! Halloween Special!
Al Rodrigo,Dragons: The Nine Realms
Al Rodrigo,Star Trek: Lower Decks
Al Rodrigo,Spider-Man: Into the Spider-Verse
Al Rodrigo,Bilal: A New Breed of Hero
Al Rodrigo,Penguins of Madagascar
Al Rodrigo,The Book of Life
Al Rodrigo,Mr. Peabody & Sherman
Al Rodrigo,The Blacklist
Al Rodrigo,A Turtle's Tale: Sammy's Adventures
Al Rodrigo,Despicable Me
Al Rodrigo,Citizen Jane
Al Rodrigo,Star Wars: The Clone Wars
Al Rodrigo,Supernatural
Al Rodrigo,CSI: Miami
Al Rodrigo,Brown's Requiem
Al Rodrigo,Charmed
Al Rodrigo,Air America
Al Rodrigo,The Great White Hype
Al Rodrigo,The Birdcage
Al Rodrigo,JAG
Al Rodrigo,seaQuest DSV
Al Rodrigo,Star Trek: Deep Space Nine
Al Rodrigo,Martin
Al Rodrigo,"Beverly Hills, 90210"
Al Rodrigo,Last Rites
Jacqueline Pinol,Spider-Man: Across the Spider-Verse
Jacqueline Pinol,Lightyear
Jacqueline Pinol,Bosch: Legacy
Jacqueline Pinol,Hotel Transylvania: Transformania
Jacqueline Pinol,Trollhunters: Rise of the Titans
Jacqueline Pinol,Spider-Man: Into the Spider-Verse
Jacqueline Pinol,Incredibles 2
Jacqueline Pinol,Restored Me
Jacqueline Pinol,Bordertown
Jacqueline Pinol,Quantum Break
Jacqueline Pinol,Road to Juarez
Jacqueline Pinol,Bosch
Jacqueline Pinol,The Fault in Our Stars
Jacqueline Pinol,Tinker Bell and the Pirate Fairy
Jacqueline Pinol,Mr. Peabody & Sherman
Jacqueline Pinol,The Call
Jacqueline Pinol,American Horror Story
Jacqueline Pinol,Monster Mutt
Jacqueline Pinol,One Hot Summer
Jacqueline Pinol,Novel Romance
Jacqueline Pinol,Barnyard
Jacqueline Pinol,Criminal Minds
Jacqueline Pinol,How I Met Your Mother
Jacqueline Pinol,The Closer
Jacqueline Pinol,CSI: NY
Jacqueline Pinol,CSI: Miami
Jacqueline Pinol,Out of the Black
Jacqueline Pinol,The King of Queens
Courtney Peldon,Spider-Man: Into the Spider-Verse
Courtney Peldon,Smurfs: The Lost Village
Courtney Peldon,Star Trek: Renegades
Courtney Peldon,Frozen
Courtney Peldon,Road to Hell
Courtney Peldon,InAlienable
Courtney Peldon,Adam and Eve
Courtney Peldon,Mortuary
Courtney Peldon,W.I.T.C.H.
Courtney Peldon,Entourage
Courtney Peldon,Reality Check
Courtney Peldon,Special Unit 2
Courtney Peldon,Say It Isn't So
Courtney Peldon,The Princess and the Barrio Boy
Courtney Peldon,Boston Public
Courtney Peldon,Wild Grizzly
Courtney Peldon,The Promise
Courtney Peldon,Undressed
Courtney Peldon,Murder on Shadow Mountain
Courtney Peldon,That '70s Show
Courtney Peldon,The Visitor
Courtney Peldon,The Ice Storm
Courtney Peldon,Little Girls in Pretty Boxes
Courtney Peldon,The Pretender
Courtney Peldon,3rd Rock from the Sun
Courtney Peldon,The Client
Courtney Peldon,The Mommies
Courtney Peldon,Lois & Clark: The New Adventures of Superman
Courtney Peldon,Star Trek: Deep Space Nine
Courtney Peldon,Out on a Limb
Courtney Peldon,Home Improvement
Courtney Peldon,Harry and the Hendersons
Courtney Peldon,Adventures in Babysitting
Courtney Peldon,Smash Cuts! Super Sci-Fi Shorts Fest
June Christopher,Spider-Man: Across the Spider-Verse
June Christopher,Lightyear
June Christopher,What If...?
June Christopher,Frozen II
June Christopher,The Angry Birds Movie 2
June Christopher,Spider-Man: Into the Spider-Verse
June Christopher,The Star
June Christopher,Olaf's Frozen Adventure
June Christopher,Big Hero 6
June Christopher,Captain America: The Winter Soldier
June Christopher,Frozen
June Christopher,Cloudy with a Chance of Meatballs 2
June Christopher,Tangled
June Christopher,Ice Age: Dawn of the Dinosaurs
June Christopher,Bolt
June Christopher,Baby Luv
June Christopher,Doctor Dolittle
June Christopher,The Westing Game
June Christopher,Free Willy 2: The Adventure Home
June Christopher,The New Age
June Christopher,Man Trouble
June Christopher,Eating
June Christopher,Misery
June Christopher,The Fresh Prince of Bel-Air
June Christopher,Rain Man
June Christopher,Knight Rider
June Christopher,T. J. Hooker
June Christopher,Return of the Rebels
June Christopher,The Pyramid
June Christopher,Candy Stripe Nurses
Alycia Cooper,Eboni 8
Alycia Cooper,A Snowy Day in Oakland
Alycia Cooper,Black Girl Magic
Alycia Cooper,Boosters LA
Alycia Cooper,Drama Club
Alycia Cooper,Kenan
Alycia Cooper,Guest House
Alycia Cooper,Gods of Food
Alycia Cooper,Do Not Be Deceived
Alycia Cooper,Spider-Man: Into the Spider-Verse
Alycia Cooper,The Resident
Alycia Cooper,Cries of the Unborn
Alycia Cooper,Gotham Comedy Live
Alycia Cooper,Knocked Down
Alycia Cooper,Spirit of Comedy
Shakira Ja'nai Paye,Spider-Man: Across the Spider-Verse
Shakira Ja'nai Paye,Demascus
Shakira Ja'nai Paye,House Party
Shakira Ja'nai Paye,Scare Package II: Rad Chad’s Revenge
Shakira Ja'nai Paye,The Ice Age Adventures of Buck Wild
Shakira Ja'nai Paye,Single Drunk Female
Shakira Ja'nai Paye,All Day and a Night
Shakira Ja'nai Paye,Day 13
Shakira Ja'nai Paye,Bag of Worms
Shakira Ja'nai Paye,Spider-Man: Into the Spider-Verse
Shakira Ja'nai Paye,Future Man
Shakira Ja'nai Paye,Modern Family
Chrystee Pharris,Spider-Man: Across the Spider-Verse
Chrystee Pharris,Spies in Disguise
Chrystee Pharris,Loved To Death
Chrystee Pharris,Spider-Man: Into the Spider-Verse
Chrystee Pharris,Pierre Jackson
Chrystee Pharris,9-1-1
Chrystee Pharris,Bad Girl
Chrystee Pharris,Bad Dad Rehab
Chrystee Pharris,Greenleaf
Chrystee Pharris,Fame Dogs
Chrystee Pharris,A Walk in the Woods
Chrystee Pharris,Queens of Drama
Chrystee Pharris,Steps of Faith
Chrystee Pharris,Steppin : The Movie
Chrystee Pharris,Castle
Chrystee Pharris,Lord Help Us
Chrystee Pharris,Lincoln Heights
Chrystee Pharris,Paved with Good Intentions
Chrystee Pharris,Cuts
Chrystee Pharris,Buds For Life
Chrystee Pharris,All of Us
Chrystee Pharris,Scrubs
Chrystee Pharris,Grown Ups
Chrystee Pharris,7th Heaven
Chrystee Pharris,The Steve Harvey Show
Chrystee Pharris,Kenan & Kel
Chrystee Pharris,Moesha
Chrystee Pharris,"Sister, Sister"
Chrystee Pharris,Five Nights at Freddy's
Chrystee Pharris,Aimee Victoria
Justin Shenkarow,Marvel's Spidey and His Amazing Friends
Justin Shenkarow,The Mitchells vs. the Machines
Justin Shenkarow,Spider-Man: Into the Spider-Verse
Justin Shenkarow,Hey Arnold! The Jungle Movie
Justin Shenkarow,The Star
Justin Shenkarow,Z Nation
Justin Shenkarow,The American Dream
Justin Shenkarow,Pound Puppies
Justin Shenkarow,Knocked Up
Justin Shenkarow,Barnyard
Justin Shenkarow,Garfield: A Tail of Two Kitties
Justin Shenkarow,Recess: Taking the Fifth Grade
Justin Shenkarow,Recess: All Growed Down
Justin Shenkarow,Hey Arnold! The Movie
Justin Shenkarow,Kim Possible
Justin Shenkarow,Lloyd in Space
Justin Shenkarow,Recess: School's Out
Justin Shenkarow,Boston Public
Justin Shenkarow,"Eerie, Indiana: The Other Dimension"
Justin Shenkarow,Recess
Justin Shenkarow,Hey Arnold!
Justin Shenkarow,Profiler
Justin Shenkarow,"It's Spring Training, Charlie Brown"
Justin Shenkarow,Izzy's Quest For Olympic Gold
Justin Shenkarow,Life with Louie
Justin Shenkarow,Life with Louie: A Christmas Surprise for Mrs. Stillman
Justin Shenkarow,Beethoven
Justin Shenkarow,Where on Earth is Carmen Sandiego?
Justin Shenkarow,The Opposite Sex and How to Live with Them
Justin Shenkarow,Picket Fences
Justin Shenkarow,The Little Mermaid
Justin Shenkarow,Batman: The Animated Series
Justin Shenkarow,Home Improvement
Justin Shenkarow,"Eerie, Indiana"
Justin Shenkarow,The Fresh Prince of Bel-Air
Oscar Camacho,Spider-Man: Across the Spider-Verse
Oscar Camacho,Missing
Oscar Camacho,Cars on the Road
Oscar Camacho,Star Trek: Picard
Oscar Camacho,Spies in Disguise
Oscar Camacho,Curious George: Royal Monkey
Oscar Camacho,Spider-Man: Into the Spider-Verse
Oscar Camacho,Face 2 Face
Oscar Camacho,Francisco Massiani
Oscar Camacho,El mudo
Darcy Rose Byrnes,Big Shot
Darcy Rose Byrnes,Spirit Riding Free: Spirit of Christmas
Darcy Rose Byrnes,Spider-Man: Into the Spider-Verse
Darcy Rose Byrnes,Wonder
Darcy Rose Byrnes,Spirit: Riding Free
Darcy Rose Byrnes,Elena and the Secret of Avalor
Darcy Rose Byrnes,Richie Rich
Darcy Rose Byrnes,Sofia the First: The Curse of Princess Ivy
Darcy Rose Byrnes,Sofia the First: The Enchanted Feast
Darcy Rose Byrnes,Sofia the First: The Floating Palace
Darcy Rose Byrnes,Sofia the First
Darcy Rose Byrnes,Sofia the First: Once Upon a Princess
Darcy Rose Byrnes,The Legend of Korra
Darcy Rose Byrnes,A Thousand Words
Darcy Rose Byrnes,Black Limousine
Darcy Rose Byrnes,Amish Grace
Darcy Rose Byrnes,Healing Hands
Darcy Rose Byrnes,Shark Swarm
Darcy Rose Byrnes,Black Friday
Darcy Rose Byrnes,Dirty Sexy Money
Darcy Rose Byrnes,Brothers and Sisters
Darcy Rose Byrnes,Ghost Whisperer
Darcy Rose Byrnes,How I Met Your Mother
Darcy Rose Byrnes,Medium
Darcy Rose Byrnes,House
Darcy Rose Byrnes,Desperate Housewives
Darcy Rose Byrnes,Cold Case
Darcy Rose Byrnes,Without a Trace
Darcy Rose Byrnes,The Young and the Restless
Darcy Rose Byrnes,Big Shot
Jon Bruno,Spider-Man: Into the Spider-Verse
Jon Bruno,The Time Traveler's Wife
Jon Bruno,Monkeybone
Jon Bruno,Gilmore Girls
Jon Bruno,Emma's Wish
Jon Bruno,Apollo 13
Jon Bruno,The Trust
Jon Bruno,Trial: The Price of Passion
Jon Bruno,Bed of Lies
Jon Bruno,How to Pick Up Girls!
Jon Bruno,Smash Cuts! Super Sci-Fi Shorts Fest
Adam Brown,Spider-Man: Into the Spider-Verse
Adam Brown,The Angry Birds Movie
Post Malone,Tales of the Teenage Mutant Ninja Turtles
Post Malone,Spenser Confidential 2
Post Malone,Post Malone - Live at Reading 2018
Post Malone,Teenage Mutant Ninja Turtles: Mutant Mayhem
Post Malone,Spider-Man: Across the Spider-Verse
Post Malone,Woooooo! Becoming Ric Flair
Post Malone,Post Malone: Runaway
Post Malone,One Night in Rome with Post Malone
Post Malone,Twelve Carat Toothache Listening Experience
Post Malone,Post Malone: Live at Lollapalooza 2021
Post Malone,Wrath of Man
Post Malone,Biography: The Nine Lives of Ozzy Osbourne
Post Malone,Post Malone Nirvana Tribute Livestream
Post Malone,Spenser Confidential
Post Malone,Everybody’s Everything
Post Malone,Elvis All-Star Tribute
Post Malone,Spider-Man: Into the Spider-Verse
Post Malone,Seth Rogen's Hilarity for Charity
Post Malone,Martha & Snoop's Potluck Dinner Party
Post Malone,Hot Ones
Post Malone,Late Night with Seth Meyers
Post Malone,The Tonight Show Starring Jimmy Fallon
Post Malone,Good Mythical Morning
Post Malone,Impractical Jokers
Post Malone,NPR Tiny Desk Concerts
Post Malone,MTV Video Music Awards
Post Malone,Saturday Night Live
Post Malone,American Music Awards
David Applebee,Spider-Man: Into the Spider-Verse
Juan Carlos Arvelo,Tuyo
Juan Carlos Arvelo,Spider-Man: Into the Spider-Verse
Juan Carlos Arvelo,Lola's Love Shack
Juan Carlos Arvelo,Joel está imposible
Juan Carlos Arvelo,Ráfaga
Juan Carlos Arvelo,Palés y la rumba de esquina
Juan Carlos Arvelo,Che: Part One
Juan Carlos Arvelo,Orfanato de cafres
Muneeb Rehman,The Gig Economy
Muneeb Rehman,Bit
Muneeb Rehman,Spider-Man: Into the Spider-Verse
Muneeb Rehman,Dying to Sleep
Muneeb Rehman,Dying to Sleep
Carlos Zaragoza,Vivo
Carlos Zaragoza,La noria
Carlos Zaragoza,The Emoji Movie
Carlos Zaragoza,Madagascar 3: Europe's Most Wanted
Carlos Zaragoza,Pan's Labyrinth
Carlos Zaragoza,El chocolate del loro
Carlos Zaragoza,Trolls
Carlos Zaragoza,Mr. Peabody & Sherman
Carlos Zaragoza,Spider-Man: Into the Spider-Verse
Nick Jaine,Spider-Man: Into the Spider-Verse
Nick Jaine,The Mick
Nick Jaine,Supergirl
Nick Jaine,Dr. Ken
Nick Jaine,Bosch
Nick Jaine,Bad Milo!
Nick Jaine,Scandal
Nick Jaine,Castle
Nick Jaine,The Mentalist
Nick Jaine,Sons of Anarchy
Nick Jaine,Greek
Nick Jaine,Live Free or Die Hard
Nick Jaine,Dexter
Nick Jaine,South of Nowhere
Nick Jaine,Ghost Whisperer
Nick Jaine,How I Met Your Mother
Nick Jaine,NCIS
Nick Jaine,CSI: Miami
Nick Jaine,Swaroop: Bovine Bliss
Nick Jaine,"Murder, She Wrote: A Story to Die For"
Nick Jaine,Angel
Nick Jaine,The Wall
Juan Pope,Spider-Man: Across the Spider-Verse
Juan Pope,The Desperate Hour
Juan Pope,Curious George: Royal Monkey
Juan Pope,The Angry Birds Movie 2
Juan Pope,Spider-Man: Into the Spider-Verse
Juan Pope,Ice Age: Collision Course
Juan Pope,Curious George
Juan Pope,Road Kings
Juan Pope,Phone Booth
Juan Pope,Charmed
Juan Pope,Timelock
Juan Pope,L.A. Rules The Pros & Cons of Breathing
Juan Pope,The Fresh Prince of Bel-Air
Juan Pope,Family Matters
Juan Pope,A Different World
Juan Pope,Five Nights at Freddy's
Melanie Haynes,California King
Melanie Haynes,Heart Land
Melanie Haynes,Mo
Melanie Haynes,The Housewives of the North Pole
Melanie Haynes,Blood Born
Melanie Haynes,Leverage: Redemption
Melanie Haynes,"Love, Victor"
Melanie Haynes,The Road Home for Christmas
Melanie Haynes,Spider-Man: Into the Spider-Verse
Melanie Haynes,Young Sheldon
Melanie Haynes,Heartland
Melanie Haynes,A Country Called Home
Melanie Haynes,True Detective
Melanie Haynes,The Last Mark
Melanie Haynes,The Middle
Melanie Haynes,A Promise to Carolyn
Melanie Haynes,Without Warning: The James Brady Story
Melanie Haynes,Challenger
Melanie Haynes,Save the Dog!
Joseph Izzo,Abominable
Joseph Izzo,Spider-Man: Into the Spider-Verse
Joseph Izzo,The Boss Baby
Joseph Izzo,Kung Fu Panda 3
Joseph Izzo,Kung Fu Panda: Secrets of the Scroll
Joseph Izzo,Turbo
Joseph Izzo,Kung Fu Panda: Secrets of the Masters
Joseph Izzo,Kung Fu Panda 2
Joseph Izzo,"Ruby Gillman, Teenage Kraken"
Joseph Izzo,Spider-Man: Into the Spider-Verse
Joseph Izzo,How to Train Your Dragon
Melanie Haynes,The Face of Rage
Claudia Choi,Bossy Bear
Claudia Choi,Who Invited Them
Claudia Choi,Country Comfort
Claudia Choi,Spider-Man: Into the Spider-Verse
Claudia Choi,This Is Us
Claudia Choi,Life in Pieces
Claudia Choi,Sneaky Pete
Claudia Choi,Her
Claudia Choi,Trophy Wife
Claudia Choi,Mom
Claudia Choi,Bad Milo!
Claudia Choi,Liv and Maddie
Claudia Choi,The Mindy Project
Claudia Choi,Switched at Birth
Claudia Choi,Law & Order: LA
Claudia Choi,Modern Family
Claudia Choi,The Scenesters
Claudia Choi,Parks and Recreation
Claudia Choi,Better Off Ted
Claudia Choi,Castle
Claudia Choi,American Crude
Claudia Choi,The Big Bang Theory
Claudia Choi,iCarly
Claudia Choi,Novel Romance
Claudia Choi,"You, Me and Dupree"
Claudia Choi,Hannah Montana
Claudia Choi,Bones
Claudia Choi,Weeds
Claudia Choi,Two and a Half Men
Claudia Choi,Without a Trace
Kelby Joseph,Spider-Man: Into the Spider-Verse
Jessica Mikayla Adams,Good Times
Jessica Mikayla Adams,Project CC
Jessica Mikayla Adams,Diary of a Wimpy Kid
Jessica Mikayla Adams,Diary of a Future President
Jessica Mikayla Adams,Spider-Man: Into the Spider-Verse
Jessica Mikayla Adams,"Alex, Inc."
Jessica Mikayla Adams,Good Girls
Jessica Mikayla Adams,A Happening of Monumental Proportions
Lake Bell,"Mother, Couch"
Lake Bell,Stay Tooned
Lake Bell,The Conspiracy
Lake Bell,Black Panther: Wakanda Forever
Lake Bell,Summering
Lake Bell,Cryptozoo
Lake Bell,What If...?
Lake Bell,Medical Police
Lake Bell,Harley Quinn
Lake Bell,A Little Late with Lilly Singh
Lake Bell,The Secret Life of Pets 2
Lake Bell,Bless This Mess
Lake Bell,Be Natural: The Untold Story of Alice Guy-Blaché
Lake Bell,Spider-Man: Into the Spider-Verse
Lake Bell,Time of Day
Lake Bell,Home Again
Lake Bell,I Do... Until I Don't
Lake Bell,Wet Hot American Summer: Ten Years Later
Lake Bell,Shot Caller
Lake Bell,The Secret Life of Pets
Lake Bell,The 4%: Film's Gender Problem
Lake Bell,No Escape
Lake Bell,Wet Hot American Summer: First Day of Camp
Lake Bell,Man Up
Lake Bell,BoJack Horseman
Lake Bell,Million Dollar Arm
Lake Bell,Late Night with Seth Meyers
Lake Bell,Mr. Peabody & Sherman
Lake Bell,Off Camera with Sam Jones
Lake Bell,In a World...
Lake Bell,TRON: Uprising
Lake Bell,Black Rock
Lake Bell,New Girl
Lake Bell,A Good Old Fashioned Orgy
Lake Bell,No Strings Attached
Lake Bell,Little Murder
Lake Bell,Shrek Forever After
Lake Bell,Burning Palms
Lake Bell,How to Make It in America
Lake Bell,It's Complicated
Lake Bell,The League
Lake Bell,"Source of Pride: The Making of ""Pride and Glory"""
Lake Bell,Childrens Hospital
Lake Bell,Prop 8: The Musical
Lake Bell,Pride and Glory
Lake Bell,What Happens in Vegas
Lake Bell,Over Her Dead Body
Lake Bell,Under Still Waters
Lake Bell,Rampage: The Hillside Strangler Murders
Lake Bell,Surface
Lake Bell,The Late Late Show with Craig Ferguson
Lake Bell,Boston Legal
Lake Bell,Slammed
Lake Bell,I Love Your Work
Lake Bell,Miss Match
Lake Bell,E!'s 101
Lake Bell,War Stories
Lake Bell,Speakeasy
Lake Bell,The Practice
Lake Bell,ER
Lake Bell,Late Night with Conan O'Brien
Lake Bell,Pam & Tommy
Lake Bell,Bless This Mess
Lake Bell,I Do... Until I Don't
Lake Bell,In a World...
Lake Bell,¡El Tonto!
Lake Bell,Worst Enemy
Lake Bell,I Do... Until I Don't
Lake Bell,Making a Scene
Lake Bell,In a World...
Lake Bell,¡El Tonto!
Lake Bell,Worst Enemy
Lake Bell,I Do... Until I Don't
Lake Bell,In a World...
Lake Bell,Bless This Mess
Mimi Davila,Limestone
Mimi Davila,Embattled
Mimi Davila,Spider-Man: Into the Spider-Verse
Mimi Davila,The Fast and the Fierce
Sarah D. Cole,Spider-Man: Into the Spider-Verse
Sarah D. Cole,Spider-Man: Into the Spider-Verse
Marvin 'Krondon' Jones III,Shadow Force
Marvin 'Krondon' Jones III,The Current Occupant
Marvin 'Krondon' Jones III,Spider-Man: Into the Spider-Verse
Marvin 'Krondon' Jones III,Black Lightning
Marvin 'Krondon' Jones III,Xzibit - Weapons of Mass Destruction
Kim Yarbrough,Emily the Criminal
Kim Yarbrough,How I Met Your Father
Kim Yarbrough,Home Economics
Kim Yarbrough,Kenan
Kim Yarbrough,Charlie Says
Kim Yarbrough,Spider-Man: Into the Spider-Verse
Kim Yarbrough,9-1-1
Kim Yarbrough,Great News
Kim Yarbrough,When Duty Calls
Kim Yarbrough,Secret in Their Eyes
Kim Yarbrough,Life in Pieces
Kim Yarbrough,Sneaky Pete
Kim Yarbrough,Jane the Virgin
Kim Yarbrough,Faking It
Kim Yarbrough,Mom
Kim Yarbrough,The Mindy Project
Kim Yarbrough,New Girl
Kim Yarbrough,Dad's Home
Kim Yarbrough,Dexter
Kim Yarbrough,Bones
Kim Yarbrough,It's Always Sunny in Philadelphia
Kim Yarbrough,Veronica Mars
Jorma Taccone,The 'Bu
Jorma Taccone,Kung Fury 2
Jorma Taccone,Spider-Man: Across the Spider-Verse
Jorma Taccone,The People We Hate at the Wedding
Jorma Taccone,Weird: The Al Yankovic Story
Jorma Taccone,Chip 'n Dale: Rescue Rangers
Jorma Taccone,Sisters
Jorma Taccone,I Used to Go Here
Jorma Taccone,An American Pickle
Jorma Taccone,Slayer: The Repentless Killogy
Jorma Taccone,The Lonely Island Presents: The Unauthorized Bash Brothers Experience
Jorma Taccone,Miracle Workers
Jorma Taccone,The Lego Movie 2: The Second Part
Jorma Taccone,Spider-Man: Into the Spider-Verse
Jorma Taccone,It Happened in L.A.
Jorma Taccone,Carpool Karaoke: The Series
Jorma Taccone,Don't Mess with Julie Whitfield
Jorma Taccone,"Michael Bolton's Big, Sexy Valentine's Day Special"
Jorma Taccone,Storks
Jorma Taccone,Popstar: Never Stop Never Stopping
Jorma Taccone,Kung Fury
Jorma Taccone,Major Lazer
Jorma Taccone,Man Seeking Woman
Jorma Taccone,Neighbors
Jorma Taccone,Late Night with Seth Meyers
Jorma Taccone,The Lego Movie
Jorma Taccone,Brooklyn Nine-Nine
Jorma Taccone,Grown Ups 2
Jorma Taccone,The Watch
Jorma Taccone,Gravity Falls
Jorma Taccone,Comedy Bang! Bang!
Jorma Taccone,Girls
Jorma Taccone,Up All Night
Jorma Taccone,The League
Jorma Taccone,Land of the Lost
Jorma Taccone,Parks and Recreation
Jorma Taccone,Role Models
Jorma Taccone,Water And Power
Jorma Taccone,Hot Rod
Jorma Taccone,"Tim and Eric Awesome Show, Great Job!"
Jorma Taccone,Awesometown
Jorma Taccone,Awesometown
Jorma Taccone,House of Cosbys
Jorma Taccone,Regarding Ardy
Jorma Taccone,White Power
Jorma Taccone,Saturday Night Live
Jorma Taccone,Spy Guys
Jorma Taccone,Digman!
Jorma Taccone,Self Reliance
Jorma Taccone,MacGruber
Jorma Taccone,I Used to Go Here
Jorma Taccone,Palm Springs
Jorma Taccone,The Lonely Island Presents: The Unauthorized Bash Brothers Experience
Jorma Taccone,I Think You Should Leave with Tim Robinson
Jorma Taccone,Miracle Workers
Jorma Taccone,PEN15
Jorma Taccone,Alone Together
Jorma Taccone,Brigsby Bear
Jorma Taccone,Popstar: Never Stop Never Stopping
Jorma Taccone,Party Over Here
Jorma Taccone,The Diary of a Teenage Girl
Jorma Taccone,Regarding Ardy
Jorma Taccone,White Power
Jorma Taccone,MacGruber
Jorma Taccone,Miracle Workers
Jorma Taccone,Popstar: Never Stop Never Stopping
Jorma Taccone,Brooklyn Nine-Nine
Jorma Taccone,The Women of SNL
Jorma Taccone,MacGruber
Jorma Taccone,Parks and Recreation
Jorma Taccone,Awesometown
Jorma Taccone,Regarding Ardy
Jorma Taccone,Saturday Night Live
Jorma Taccone,MacGruber
Jorma Taccone,Popstar: Never Stop Never Stopping
Jorma Taccone,MacGruber
Jorma Taccone,Extreme Movie
Jorma Taccone,Awesometown
Jorma Taccone,Regarding Ardy
Jorma Taccone,White Power
Jorma Taccone,Saturday Night Live
Jorma Taccone,MacGruber
Jorma Taccone,Regarding Ardy
Jorma Taccone,White Power
Gredel Berrios Calladine,Cloudy with a Chance of Meatballs
Gredel Berrios Calladine,Spider-Man: Across the Spider-Verse
Gredel Berrios Calladine,Spider-Man: Into the Spider-Verse
Greta Lee,The Hospital
Greta Lee,TRON: Ares
Greta Lee,Strays
Greta Lee,Past Lives
Greta Lee,Spider-Man: Across the Spider-Verse
Greta Lee,Problemista
Greta Lee,The Breakthrough
Greta Lee,Rumble
Greta Lee,Don't Let The Pigeon Do Storytime
Greta Lee,The Morning Show
Greta Lee,The Twilight Zone
Greta Lee,What We Do in the Shadows
Greta Lee,Miracle Workers
Greta Lee,Russian Doll
Greta Lee,The Other Two
Greta Lee,Spider-Man: Into the Spider-Verse
Greta Lee,In a Relationship
Greta Lee,Pottersville
Greta Lee,"Cabiria, Charity, Chastity"
Greta Lee,Gemini
Greta Lee,Fits and Starts
Greta Lee,The Good Fight
Greta Lee,Chance
Greta Lee,High Maintenance
Greta Lee,Money Monster
Greta Lee,10 Crosby
Greta Lee,Sisters
Greta Lee,Code Black
Greta Lee,Wayward Pines
Greta Lee,While We're Young
Greta Lee,Top Five
Greta Lee,St. Vincent
Greta Lee,The Cobbler
Greta Lee,Hairbrained
Greta Lee,Hello I Must Be Going
Greta Lee,Girls
Greta Lee,New Girl
Greta Lee,Nurse Jackie
Greta Lee,The Graham Norton Show
Greta Lee,Law & Order: Special Victims Unit
Joaquín Cosío,Midnight Family
Joaquín Cosío,Cassandro
Joaquín Cosío,The Great Seduction
Joaquín Cosío,Elevador
Joaquín Cosío,¡Que viva México!
Joaquín Cosío,Lecciones para canallas
Joaquín Cosío,Natural Born Narco
Joaquín Cosío,Maya and the Three
Joaquín Cosío,Mighty Victoria
Joaquín Cosío,Killing Cabos 2: The Mask of El Máscara
Joaquín Cosío,Monstruosamente Solo
Joaquín Cosío,The Suicide Squad
Joaquín Cosío,El Candidato
Joaquín Cosío,Gentefied
Joaquín Cosío,Powder
Joaquín Cosío,Rambo: Last Blood
Joaquín Cosío,"Don't Jump, Magdalena"
Joaquín Cosío,Sonora: The Devil’s Highway
Joaquín Cosío,Belzebuth
Joaquín Cosío,Spider-Man: Into the Spider-Verse
Joaquín Cosío,Las Buchonas
Joaquín Cosío,Narcos: Mexico
Joaquín Cosío,Waiting For Gordo
Joaquín Cosío,"Me gusta, pero me asusta"
Joaquín Cosío,Cinderello
Joaquín Cosío,Blue Demon
Joaquín Cosío,Sundown
Joaquín Cosío,Compadres
Joaquín Cosío,Las Aparicio
Joaquín Cosío,Thoroughbred
Joaquín Cosío,Vidas violentas
Joaquín Cosío,Hot Pursuit
Joaquín Cosío,The Thin Yellow Line
Joaquín Cosío,The Perfect Dictatorship
Joaquín Cosío,Cantinflas
Joaquín Cosío,The Strain
Joaquín Cosío,Sombras
Joaquín Cosío,A Shred Of Mist
Joaquín Cosío,Familia Gang
Stan Lee,Daredevil: Born Again
Joaquín Cosío,Heriberto y Demetrio
Joaquín Cosío,El mar muerto
Joaquín Cosío,A Night in Old Mexico
Joaquín Cosío,Amorous Pancho Villa
Joaquín Cosío,The Lone Ranger
Joaquín Cosío,"Bless Me, Ultima"
Joaquín Cosío,Between Night and Day
Joaquín Cosío,The Walls Talk
Joaquín Cosío,El Santos vs la Tetona Mendoza
Joaquín Cosío,The Arrival of Conrado Sierra
Joaquín Cosío,The Precocious and Brief Life of Sabina Rivas
Joaquín Cosío,El vampiro de la ortografía
Joaquín Cosío,Savages
Joaquín Cosío,Marcelo
Joaquín Cosío,Pastorela
Joaquín Cosío,La Revolución De Juan Escopeta
Joaquín Cosío,El Diez
Joaquín Cosío,A Better Life
Joaquín Cosío,Saving Private Pérez
Joaquín Cosío,Te presento a Laura
Joaquín Cosío,El Infierno
Joaquín Cosío,Segurança Nacional
Joaquín Cosío,Sucedió en un día
Joaquín Cosío,Kdabra
Joaquín Cosío,Estrella de Plata
Joaquín Cosío,Me importas tú... y tú
Stan Lee,Wonder Man
Stan Lee,Spider-Man 4
Stan Lee,Fantastic Four
Stan Lee,Kraven the Hunter
Stan Lee,Captain America: Brave New World
Stan Lee,Guardians of the Galaxy Vol. 3
Stan Lee,Ant-Man and the Wasp: Quantumania
Stan Lee,The Guardians of the Galaxy Holiday Special
Stan Lee,Black Panther: Wakanda Forever
Stan Lee,She-Hulk: Attorney at Law
Stan Lee,I Am Groot
Stan Lee,Groot's First Steps
Stan Lee,Thor: Love and Thunder
Stan Lee,Doctor Strange in the Multiverse of Madness
Stan Lee,Spider-Man: No Way Home
Stan Lee,Hawkeye
Stan Lee,Loki
Stan Lee,Marvel's M.O.D.O.K.
Stan Lee,The Falcon and the Winter Soldier
Stan Lee,WandaVision
Stan Lee,Celebrating Marvel's Stan Lee
Stan Lee,Peter's To-Do List
Stan Lee,LEGO Marvel Spider-Man: Vexed by Venom
Stan Lee,Spider-Man: Far From Home
Stan Lee,Avengers: Endgame
Stan Lee,Spider-Man: Into the Spider-Verse
Stan Lee,Ant-Man and the Wasp
Stan Lee,Avengers: Infinity War
Stan Lee,Black Panther
Joaquín Cosío,Backyard
Joaquín Cosío,Eastbound & Down
Joaquín Cosío,Good Will
Joaquín Cosío,Rudo & Cursi
Joaquín Cosío,Quantum of Solace
Joaquín Cosío,Teo's Journey
Joaquín Cosío,Tear This Heart Out
Joaquín Cosío,Enlightened Blood
Joaquín Cosío,"Love, Pain and Vice Versa"
Joaquín Cosío,Karma
Joaquín Cosío,The Wall
Joaquín Cosío,Infierno Grande
Joaquín Cosío,Personal Effects
Joaquín Cosío,A Wonderful World
Joaquín Cosío,Los Plateados
Joaquín Cosío,Tin Man
Joaquín Cosío,The Other José
Joaquín Cosío,Killing Cabos
Joaquín Cosío,Without Rhyme or Reason
Joaquín Cosío,El tigre de Santa Julia
Joaquín Cosío,The Blue Room
Joaquín Cosío,Una de dos
Stan Lee,The Gifted
Stan Lee,Thor: Ragnarok
Stan Lee,Marvel's Inhumans
Stan Lee,Inhumans: The First Chapter
Stan Lee,Marvel's Spider-Man
Stan Lee,Spider-Man: Homecoming
Stan Lee,God Woke
Stan Lee,Guardians of the Galaxy Vol. 2
Stan Lee,Marvel's Agents of S.H.I.E.L.D.: Slingshot
Stan Lee,Doctor Strange
Stan Lee,Hulk: Where Monsters Dwell
Stan Lee,Marvel's Guardians of the Galaxy
Stan Lee,Fantastic Four
Stan Lee,Ant-Man
Stan Lee,Avengers: Age of Ultron
Stan Lee,Avengers Confidential: Black Widow & Punisher
Stan Lee,The Amazing Spider-Man 2
Stan Lee,Chakra the Invincible
Stan Lee,Thor: The Dark World
Stan Lee,Marvel's Agents of S.H.I.E.L.D.
Stan Lee,Iron Man: Rise of Technovore
Stan Lee,Iron Man 3
Stan Lee,The Amazing Spider-Man
Stan Lee,The Avengers
Stan Lee,Thor: Tales of Asgard
Stan Lee,Thor
Stan Lee,The Avengers: Earth's Mightiest Heroes
Stan Lee,Iron Man 2
Stan Lee,Heroman
Stan Lee,Planet Hulk
Stan Lee,Black Panther
Stan Lee,Iron Man: Armored Adventures
Edwin H. Bravo,Spider-Man: Into the Spider-Verse
Edwin H. Bravo,Magnum P.I.
Edwin H. Bravo,Powerless
Edwin H. Bravo,Superstore
Edwin H. Bravo,Rosewood
Edwin H. Bravo,Sneaky Pete
Edwin H. Bravo,One Big Happy
Edwin H. Bravo,Silicon Valley
Edwin H. Bravo,Virtually Heroes
Edwin H. Bravo,Hawaii Five-0
Edwin H. Bravo,Sons of Tucson
Edwin H. Bravo,The Other Way
Edwin H. Bravo,It's Always Sunny in Philadelphia
Oscar Isaac,Helltown
Oscar Isaac,Spider-Man: Beyond the Spider-Verse
Oscar Isaac,"Untitled Star Wars ""New Jedi Order"" Film"
Oscar Isaac,Frankenstein
Oscar Isaac,In the Hand of Dante
Oscar Isaac,Untitled Martin McDonagh Project
Stan Lee,The Incredible Hulk
Stan Lee,Iron Man
Stan Lee,Doctor Strange
Stan Lee,Fantastic Four: Rise of the Silver Surfer
Stan Lee,Spider-Man 3
Stan Lee,The Invincible Iron Man
Stan Lee,Mosaic
Stan Lee,Ultimate Avengers 2: Rise of the Panther
Stan Lee,Fantastic Four
Stan Lee,Spider-Man 2
Stan Lee,Spider-Man: The New Animated Series
Stan Lee,Hulk
Stan Lee,Daredevil vs. Spider-Man
Stan Lee,Spider-Man: The Return of the Green Goblin
Stan Lee,Spider-Man
Stan Lee,Spider-Man: The Ultimate Villain Showdown
Stan Lee,X-Men: The Mutant Watch
Stan Lee,The Avengers: United They Stand
Stan Lee,Spider-Man Unlimited
Stan Lee,Nick Fury: Agent of S.H.I.E.L.D.
Stan Lee,Silver Surfer
Stan Lee,Generation X
Stan Lee,Spider-Man
Stan Lee,Iron Man
Stan Lee,The Fantastic Four
Stan Lee,Solarman
Stan Lee,X-Men: Pryde of the X-Men
Stan Lee,The Trial of the Incredible Hulk
Stan Lee,The Incredible Hulk Returns
Stan Lee,Spider-Man: The Dragon's Challenge
Oscar Isaac,Metal Gear Solid
Oscar Isaac,Francis and The Godfather
Oscar Isaac,London
Oscar Isaac,The Great Machine
Oscar Isaac,Spider-Man: Across the Spider-Verse
Oscar Isaac,The Last Movie Stars
Oscar Isaac,Marvel Studios Assembled: The Making of Moon Knight
Oscar Isaac,Moon Knight
Oscar Isaac,Big Gold Brick
Oscar Isaac,Marvel Studios' 2021 Disney+ Day Special
Oscar Isaac,The Addams Family 2
Oscar Isaac,Dune
Oscar Isaac,Scenes from a Marriage
Oscar Isaac,The Card Counter
Oscar Isaac,Legend of Destruction
Oscar Isaac,A World of Calm
Stan Lee,Spider-Man Strikes Back
Stan Lee,Bride of the Incredible Hulk
Stan Lee,Dr. Strange
Stan Lee,The Return of the Incredible Hulk
Stan Lee,The Incredible Hulk
Stan Lee,The Incredible Hulk
Stan Lee,Spider-Man
Stan Lee,Spider-Man Versus Kraven the Hunter
Stan Lee,Spider-Man
Stan Lee,Stan Lee
Stan Lee,Attack of the Doc!
Oscar Isaac,Antigone in Ferguson
Oscar Isaac,The Oedipus Project
Oscar Isaac,Creating a Character: The Moni Yakim Legacy
Oscar Isaac,The Letter Room
Oscar Isaac,Beirut: An MCC Virtual TV Event
Oscar Isaac,The Skywalker Legacy
Oscar Isaac,Star Wars: The Rise of Skywalker
Oscar Isaac,The Addams Family
Oscar Isaac,Star Wars: Galaxy's Edge - Adventure Awaits
Oscar Isaac,Triple Frontier
Oscar Isaac,Spider-Man: Into the Spider-Verse
Oscar Isaac,Inside The Operation
Oscar Isaac,At Eternity's Gate
Oscar Isaac,Star Wars Resistance
Oscar Isaac,Life Itself
Natalie Morales,My Dead Friend Zoe
Natalie Morales,No Hard Feelings
Natalie Morales,Self Reliance
Natalie Morales,If You Were the Last
Natalie Morales,"History of the World, Part II"
Stan Lee,Spider-Man: All Roads Lead to No Way Home
Stan Lee,Gus and the TV Special
Stan Lee,Carnal Monsters
Stan Lee,Slugfest
Stan Lee,Frank Miller: American Genius
Stan Lee,Clerk
Stan Lee,Sessions with Stan
Stan Lee,Joker: Put on a Happy Face
Stan Lee,Celebrating Marvel's Stan Lee
Stan Lee,Jay and Silent Bob Reboot
Stan Lee,Madness in the Method
Stan Lee,Knight Immortal
Stan Lee,"Geek, and You Shall Find"
Stan Lee,La Vie selon Stan
Stan Lee,Avengers: Endgame
Stan Lee,Captain Marvel
Stan Lee,Spider-Man: Into the Spider-Verse
Stan Lee,As Though Nothing Could Fall
Stan Lee,Venom
Stan Lee,Teen Titans Go! To the Movies
Oscar Isaac,Operation Finale
Oscar Isaac,The Director and the Jedi
Oscar Isaac,Annihilation
Oscar Isaac,The Force of Sound
Oscar Isaac,Star Wars: The Last Jedi
Oscar Isaac,Suburbicon
Oscar Isaac,Bobbi Jene
Oscar Isaac,The Promise
Oscar Isaac,Lightningface
Oscar Isaac,X-Men: Apocalypse
Oscar Isaac,Mojave
Oscar Isaac,Star Wars: Greatest Moments
Oscar Isaac,Star Wars: The Force Awakens
Oscar Isaac,The Late Show with Stephen Colbert
Natalie Morales,I'm Totally Fine
Natalie Morales,Language Lessons
Natalie Morales,Rugrats
Natalie Morales,Happily
Natalie Morales,The Little Things
Natalie Morales,Mr. Mayor
Natalie Morales,Don't Let The Pigeon Do Storytime
Natalie Morales,Home Movie: The Princess Bride
Natalie Morales,Harley Quinn
Natalie Morales,The I-Land
Natalie Morales,Tamron Hall
Stan Lee,Ant-Man and the Wasp
Stan Lee,Avengers: Infinity War
Stan Lee,Marvel Mon Amour
Stan Lee,Black Panther
Stan Lee,LEGO Marvel Super Heroes: Guardians of the Galaxy - The Thanos Threat
Stan Lee,Marvel's Runaways
Stan Lee,Big Hero 6 The Series
Stan Lee,Robert Kirkman's Secret History of Comics
Stan Lee,Thor: Ragnarok
Stan Lee,Marvel's Future Avengers
Stan Lee,Spider-Man: Homecoming
Stan Lee,"If You're Not In The Obit, Eat Breakfast"
Stan Lee,Batman & Bill
Stan Lee,God Woke
Stan Lee,Guardians of the Galaxy Vol. 2
Oscar Isaac,Time to Choose
Oscar Isaac,Show Me a Hero
Oscar Isaac,Through the Looking Glass: Making 'Ex Machina'
Oscar Isaac,The Late Late Show with James Corden
Oscar Isaac,Ex Machina
Oscar Isaac,A Most Violent Year
Oscar Isaac,Ticky Tacky
Oscar Isaac,The Two Faces of January
Oscar Isaac,Inside 'Inside Llewyn Davis'
Oscar Isaac,Late Night with Seth Meyers
Oscar Isaac,The Tonight Show Starring Jimmy Fallon
Oscar Isaac,"Another Day, Another Time: Celebrating the Music of 'Inside Llewyn Davis'"
Oscar Isaac,The Making of 'Making a Scene'
Natalie Morales,Stuber
Natalie Morales,Dead to Me
Natalie Morales,Abby's
Natalie Morales,Spider-Man: Into the Spider-Verse
Natalie Morales,"Alex, Inc."
Natalie Morales,Battle of the Sexes
Natalie Morales,Room 104
Natalie Morales,Santa Clarita Diet
Natalie Morales,Powerless
Stan Lee,Heroes Manufactured
Stan Lee,Deadpool: No Good Deed
Stan Lee,Stan Lee's Lucky Man: The Bracelet Chronicles
Stan Lee,Return to... Return to Nuke 'Em High aka Vol. 2
Stan Lee,Doctor Strange
Stan Lee,Yoga Hosers
Stan Lee,X-Men: Apocalypse
Stan Lee,Captain America: Civil War
Stan Lee,We Are X
Stan Lee,Deadpool
Stan Lee,Stan Lee's Lucky Man
Stan Lee,Marvel's Captain America: 75 Heroic Years
Stan Lee,COMIX: Beyond the Comic Book Pages
Stan Lee,Con Man
Oscar Isaac,Making a Scene
Oscar Isaac,Inside Llewyn Davis
Oscar Isaac,In Secret
Oscar Isaac,Won't Back Down
Oscar Isaac,10 Years
Oscar Isaac,The Bourne Legacy
Oscar Isaac,Revenge for Jolly!
Oscar Isaac,For Greater Glory: The True Story of Cristiada
Oscar Isaac,Drive
Oscar Isaac,W.E.
Oscar Isaac,Sucker Punch
Natalie Morales,Dream Corp LLC
Natalie Morales,The Grinder
Natalie Morales,BoJack Horseman
Natalie Morales,Trophy Wife
Natalie Morales,Home & Family
Natalie Morales,The Timey-Wimey of Doctor Who
Natalie Morales,The Women of Doctor Who
Natalie Morales,The Science of Doctor Who
Natalie Morales,The Newsroom
Natalie Morales,6 Month Rule
Natalie Morales,Girls
Natalie Morales,The Cape
Natalie Morales,Wall Street: Money Never Sleeps
Chris Pine,Untitled Star Trek Sequel
Chris Pine,Newsflash
Chris Pine,Wish
Stan Lee,Ant-Man
Stan Lee,Avengers: Age of Ultron
Stan Lee,Marvel's Agent Carter
Stan Lee,"Marvel: 75 Years, From Pulp to Pop!"
Stan Lee,Big Hero 6
Stan Lee,Guardians of the Galaxy
Stan Lee,The Amazing Spider-Man 2
Stan Lee,Captain America: The Winter Soldier
Stan Lee,Stan Lee's Mighty 7
Stan Lee,LEGO MARVEL Super Heroes: Maximum Overload
Stan Lee,Thor: The Dark World
Oscar Isaac,Robin Hood
Oscar Isaac,Balibo
Oscar Isaac,Agora
Oscar Isaac,Body of Lies
Oscar Isaac,Che: Part One
Oscar Isaac,The Life Before Her Eyes
Oscar Isaac,The Nativity Story
Oscar Isaac,Pu-239
Oscar Isaac,Lenny The Wonder Dog
Oscar Isaac,All About the Benjamins
Oscar Isaac,Law & Order: Criminal Intent
Oscar Isaac,The View
Natalie Morales,Going the Distance
Natalie Morales,American Ninja Warrior
Natalie Morales,White Collar
Natalie Morales,Parks and Recreation
Natalie Morales,Boldly Going Nowhere
Natalie Morales,90210
Natalie Morales,The Middleman
Natalie Morales,Made in Hollywood
Natalie Morales,CSI: Miami
Natalie Morales,Today
Natalie Morales,Language Lessons
Natalie Morales,Plan B
Natalie Morales,Mr. Mayor
Natalie Morales,Room 104
Natalie Morales,Mr. Student Body President
Chris Pine,Poolman
Chris Pine,Dungeons & Dragons: Honor Among Thieves
Chris Pine,Don't Worry Darling
Chris Pine,Doula
Chris Pine,All the Old Knives
Chris Pine,The Contractor
Chris Pine,Wonder Woman 1984
Chris Pine,Home Movie: The Princess Bride
Chris Pine,Dear Class of 2020
Chris Pine,The Happy Days of Garry Marshall
Chris Pine,"Love, Antosha"
Chris Pine,I Am the Night
Chris Pine,Spider-Man: Into the Spider-Verse
Chris Pine,Outlaw King
Chris Pine,Late Night Berlin
Liev Schreiber,The Perfect Couple
Stan Lee,Superheroes: A Never-Ending Battle
Stan Lee,Marvel's Agents of S.H.I.E.L.D.
Stan Lee,Phineas and Ferb: Mission Marvel
Stan Lee,Marvel's Hulk and the Agents of S.M.A.S.H.
Stan Lee,Return to Nuke 'Em High Volume 1
Stan Lee,Jay and Silent Bob's Super Groovy Cartoon Movie
Stan Lee,Iron Man 3
Stan Lee,Behind the Superhero Mask
Stan Lee,Stardust Hollywood - Sternenstaub und Götterwelten
Stan Lee,Bad Days
Stan Lee,Pablo
Stan Lee,The Amazing Spider-Man
Stan Lee,The Avengers
Stan Lee,Marvel's Ultimate Spider-Man
Stan Lee,Comic Book Men
Stan Lee,Comic-Con Episode IV: A Fan's Hope
Stan Lee,Superheroes
Stan Lee,Captain America: The First Avenger
Stan Lee,Pizza Man
Stan Lee,Thor
Oscar Isaac,Illtown
Oscar Isaac,LIVE with Kelly and Mark
Oscar Isaac,Saturday Night Live
Oscar Isaac,The Oscars
Oscar Isaac,Helltown
Oscar Isaac,In the Hand of Dante
Oscar Isaac,Broken Theater
Oscar Isaac,London
Oscar Isaac,The Great Machine
Oscar Isaac,Moon Knight
Oscar Isaac,Big Gold Brick
Oscar Isaac,Scenes from a Marriage
Oscar Isaac,The Letter Room
Oscar Isaac,Operation Finale
Natalie Morales,I'm Totally Fine
Natalie Morales,Language Lessons
Natalie Morales,Language Lessons
Chris Pine,A Wrinkle in Time
Chris Pine,Barbra: The Music ... The Mem'ries ... The Magic!
Chris Pine,Wet Hot American Summer: Ten Years Later
Chris Pine,Wonder Woman
Chris Pine,For the Love of Spock
Chris Pine,Hell or High Water
Chris Pine,Star Trek Beyond
Chris Pine,Figures of Speech
Chris Pine,The Finest Hours
Chris Pine,Angie Tribeca
Chris Pine,Supermansion
Chris Pine,Z for Zachariah
Chris Pine,Wet Hot American Summer: First Day of Camp
Chris Pine,Zoo
Chris Pine,The Late Late Show with James Corden
Chris Pine,Into the Woods
Chris Pine,Horrible Bosses 2
Chris Pine,Stretch
Chris Pine,The Tonight Show Starring Jimmy Fallon
Chris Pine,Off Camera with Sam Jones
Chris Pine,Jack Ryan: Shadow Recruit
Chris Pine,Star Trek Into Darkness
Liev Schreiber,The Guns of Christmas Past
Liev Schreiber,Across the River and Into the Trees
Liev Schreiber,Command Z
Liev Schreiber,Asteroid City
Liev Schreiber,A Small Light
Liev Schreiber,Golda
Liev Schreiber,The Conspiracy
Liev Schreiber,Ray Donovan: The Movie
Liev Schreiber,Don't Look Up
Liev Schreiber,The French Dispatch
Liev Schreiber,Broadway: Beyond the Golden Age
Liev Schreiber,Human Capital
Liev Schreiber,Lindsey Vonn: The Final Season
Liev Schreiber,A Rainy Day in New York
Liev Schreiber,Joseph Pulitzer: Voice of the People
Liev Schreiber,The Many Lives of Nick Buoniconti
Liev Schreiber,Spider-Man: Into the Spider-Verse
Liev Schreiber,Inside the Manson Cult: The Lost Tapes
Liev Schreiber,Firing Line with Margaret Hoover
Liev Schreiber,Isle of Dogs
Liev Schreiber,Civilisations
Liev Schreiber,My Little Pony: The Movie
Liev Schreiber,The Pulitzer At 100
Liev Schreiber,America in Color
Liev Schreiber,America in Color
Nicolas Cage,Highfire
Stan Lee,Stan Lee's Superhumans
Stan Lee,With Great Power: The Stan Lee Story
Stan Lee,Iron Man 2
Stan Lee,Black Panther
Stan Lee,Black Panther
Stan Lee,The Roots of Wolverine: A Conversation with Stan Lee and Len Wein
Stan Lee,The Super Hero Squad Show
Stan Lee,Starz Inside - Unforgettably Evil
Stan Lee,How Bruce Lee Changed the World
Stan Lee,Tromatized: Meet Lloyd Kaufman
Stan Lee,Who Wants to Be a Superhero?
Stan Lee,I Am Iron Man
Stan Lee,"Batman and Me: A Devotion to Destiny, the Bob Kane Story"
Stan Lee,The Incredible Hulk
Stan Lee,Starz Inside: Comic Books Unbound
Stan Lee,INK: Alter Egos Exposed
Stan Lee,Iron Man
Stan Lee,The Legends Behind the Comic Books
Stan Lee,The Spectacular Spider-Man
Stan Lee,The Big Bang Theory
Stan Lee,Chuck
Stan Lee,In Search of Moebius
Stan Lee,In Search of Steve Ditko
Stan Lee,The Guild
Stan Lee,Fantastic Four: Rise of the Silver Surfer
Stan Lee,Fantastic Four: The World's Greatest Comic Magazine
Chris Pine,Quantum Quest: A Cassini Space Odyssey
Chris Pine,Rise of the Guardians
Chris Pine,Celeste & Jesse Forever
Chris Pine,People Like Us
Chris Pine,This Means War
Chris Pine,The Captains
Chris Pine,Unstoppable
Chris Pine,Small Town Saturday Night
Chris Pine,Beyond All Boundaries
Chris Pine,Carriers
Chris Pine,Star Trek
Chris Pine,Bottle Shock
Chris Pine,The Graham Norton Show
Chris Pine,Smokin' Aces
Chris Pine,Blind Dating
Chris Pine,Just My Luck
Chris Pine,"Surrender, Dorothy"
Chris Pine,Confession
Chris Pine,American Dad!
Chris Pine,The Princess Diaries 2: Royal Engagement
Chris Pine,On the Set: The Princess Diaries 2 – Royal Engagement
Chris Pine,American Dreams
Chris Pine,CSI: Miami
Chris Pine,The Guardian
Chris Pine,Six Feet Under
Liev Schreiber,Chuck
Liev Schreiber,Goon: Last of the Enforcers
Liev Schreiber,UConn: The March to Madness
Liev Schreiber,The 5th Wave
Liev Schreiber,Creed
Liev Schreiber,Spotlight
Liev Schreiber,Kareem: Minority of One
Liev Schreiber,Finding Babel
Liev Schreiber,Pawn Sacrifice
Liev Schreiber,The Late Show with Stephen Colbert
Liev Schreiber,Unity
Liev Schreiber,BoJack Horseman
Liev Schreiber,The Tonight Show Starring Jimmy Fallon
Liev Schreiber,A Perfect Man
Liev Schreiber,Superheroes: A Never-Ending Battle
Liev Schreiber,Fading Gigolo
Liev Schreiber,Money for Nothing: Inside the Federal Reserve
Liev Schreiber,The Butler
Liev Schreiber,The Last Days on Mars
Liev Schreiber,Clear History
Liev Schreiber,Drunk History
Liev Schreiber,Ray Donovan
Liev Schreiber,The Reluctant Fundamentalist
Liev Schreiber,Rescue in the Philippines: Refuge from the Holocaust
Liev Schreiber,Movie 43
Liev Schreiber,Space Dive
Liev Schreiber,Mental
Liev Schreiber,Human Lampshade: A Holocaust Mystery
Liev Schreiber,Goon
Liev Schreiber,The Curious Case of Curt Flood
Nicolas Cage,Spider-Man: Beyond the Spider-Verse
Nicolas Cage,Longlegs
Nicolas Cage,National Treasure: Revenge of the Puzzlemaster
Nicolas Cage,The Surfer
Nicolas Cage,Lords of War
Nicolas Cage,Arcadian
Nicolas Cage,Dream Scenario
Nicolas Cage,Butcher's Crossing
Nicolas Cage,The Retirement Plan
Nicolas Cage,Sympathy for the Devil
Nicolas Cage,The Flash
Nicolas Cage,Renfield
Nicolas Cage,The Old Way
Nicolas Cage,The Unbearable Weight of Massive Talent
Nicolas Cage,Prisoners of the Ghostland
Nicolas Cage,Pig
Nicolas Cage,Willy's Wonderland
Nicolas Cage,Dear Diary: World's First Pranks
Nicolas Cage,History of Swear Words
Nicolas Cage,The Croods: A New Age
Nicolas Cage,Jiu Jitsu
Nicolas Cage,Hot Pink Horror: The Making of Color Out of Space
Nicolas Cage,Kill Chain
Nicolas Cage,Primal
Nicolas Cage,Grand Isle
Nicolas Cage,Color Out of Space
Nicolas Cage,Running with the Devil
Nicolas Cage,"Love, Antosha"
Nicolas Cage,A Score to Settle
Kimiko Glenn,Hazbin Hotel
Kimiko Glenn,Spider-Man: Beyond the Spider-Verse
Kimiko Glenn,Baby Shark’s Big Movie!
Kimiko Glenn,Thank You Kindly
Kimiko Glenn,Spider-Man: Across the Spider-Verse
Kimiko Glenn,Kiff
Kimiko Glenn,"History of the World, Part II"
Kimiko Glenn,Beebo Saves Christmas
Kimiko Glenn,Dogs in Space
Kimiko Glenn,My Little Pony: A New Generation
Kimiko Glenn,"Doogie Kamealoha, M.D."
Kimiko Glenn,Teenage Euthanasia
Kimiko Glenn,Centaurworld
Kimiko Glenn,Baby Shark's Big Show!
Kathryn Hahn,Agatha: Darkhold Diaries
Kathryn Hahn,The Sisters Rosensweig
Kathryn Hahn,Fixed
Kathryn Hahn,Spider-Man: Across the Spider-Verse
Kathryn Hahn,Tiny Beautiful Things
Kathryn Hahn,Glass Onion: A Knives Out Mystery
Kathryn Hahn,Hotel Transylvania: Transformania
Stan Lee,Jack Kirby: Story Teller
Stan Lee,Moebius Redux: A Life in Pictures
Stan Lee,Spider-Man 3
Stan Lee,Will Eisner: Portrait of a Sequential Artist
Stan Lee,The Condor
Stan Lee,Marvel Then and Now: An Evening with Stan Lee and Joe Quesada
Stan Lee,Mosaic
Stan Lee,Identity
Stan Lee,Generation X: The Comic Book Origin of X-Men
Stan Lee,Heroes
Stan Lee,Who Wants to Be a Superhero?
Stan Lee,Eureka
Stan Lee,"Look, Up in the Sky! The Amazing Story of Superman"
Stan Lee,X-Men: The Last Stand
Stan Lee,Legends of the Dark Knight: The History of Batman
Stan Lee,Erection of an Epic - The Making of Mallrats
Stan Lee,Fantastic Four
Stan Lee,Hell's Kitchen
Stan Lee,American Dad!
Stan Lee,The Late Late Show with Craig Ferguson
Stan Lee,The Princess Diaries 2: Royal Engagement
Stan Lee,Spider-Man 2
Stan Lee,Comic Book: The Movie
Stan Lee,The Secret Origin of X-Men
Stan Lee,Spider-Man: The New Animated Series
Stan Lee,Comic Book Superheroes Unmasked
Stan Lee,Hulk
Stan Lee,Daredevil
Stan Lee,"Sex, Lies & Superheroes"
Stan Lee,Parts of the Family
Stan Lee,Spider-Man: The Mythology of the 21st Century
Chris Pine,ER
Chris Pine,Kids' Choice Awards
Chris Pine,Saturday Night Live
Chris Pine,Mantivities
Chris Pine,Poolman
Chris Pine,Dungeons & Dragons: Honor Among Thieves
Chris Pine,Doula
Chris Pine,All the Old Knives
Chris Pine,The Contractor
Chris Pine,I Am the Night
Chris Pine,Mantivities
Chris Pine,Poolman
Chris Pine,Poolman
Liev Schreiber,The Lost Kennedy Home Movies
Liev Schreiber,Portraits in Dramatic Time
Liev Schreiber,McEnroe/Borg: Fire & Ice
Liev Schreiber,Still Screaming: The Ultimate Scary Movie Retrospective
Liev Schreiber,Runnin' Rebels of UNLV
Liev Schreiber,America: The Story of Us
Liev Schreiber,Salt
Liev Schreiber,Broad Street Bullies
Liev Schreiber,America: The Story of Us
Liev Schreiber,Repo Men
Liev Schreiber,Magic & Bird: A Courtship of Rivals
Liev Schreiber,Every Day
Liev Schreiber,Wolverine Unleashed: The Complete Origins
Liev Schreiber,Weapon X Mutant Files
Liev Schreiber,Taking Woodstock
Liev Schreiber,Ted Williams
Liev Schreiber,X-Men Origins: Wolverine
Liev Schreiber,Battle for Tobacco Road: Duke vs. Carolina
Liev Schreiber,Inventing L.A.: The Chandlers and Their Times
Liev Schreiber,Defiance
Liev Schreiber,Breaking the Huddle: The Integration of College Football
Liev Schreiber,Thrilla in Manila
Liev Schreiber,Back Nine at Cherry Hills: The Legends of the 1960 U.S. Open
Liev Schreiber,Barbaro
Liev Schreiber,Chicago 10
Liev Schreiber,Joe Louis: America's Hero Betrayed
Liev Schreiber,Operation Filmmaker
Liev Schreiber,The Jewish Americans
Nicolas Cage,Between Worlds
Nicolas Cage,Spider-Man: Into the Spider-Verse
Nicolas Cage,Mandy
Nicolas Cage,Becoming Iconic
Nicolas Cage,Teen Titans Go! To the Movies
Nicolas Cage,211
Nicolas Cage,Looking Glass
Nicolas Cage,Mom and Dad
Nicolas Cage,The Humanity Bureau
Nicolas Cage,Inconceivable
Nicolas Cage,Vengeance: A Love Story
Nicolas Cage,Arsenal
Nicolas Cage,Dog Eat Dog
Nicolas Cage,Army of One
Nicolas Cage,USS Indianapolis: Men of Courage
Nicolas Cage,Snowden
Nicolas Cage,The Trust
Nicolas Cage,Pay the Ghost
Nicolas Cage,The Late Show with Stephen Colbert
Nicolas Cage,The Runner
Nicolas Cage,"The Death of ""Superman Lives"": What Happened?"
Nicolas Cage,Dying of the Light
Nicolas Cage,Left Behind
Nicolas Cage,Outcast
Nicolas Cage,Rage
Nicolas Cage,The Tonight Show Starring Jimmy Fallon
Nicolas Cage,The Frozen Ground
Nicolas Cage,Joe
Nicolas Cage,The Croods
Nicolas Cage,Stolen
Kimiko Glenn,Over the Moon
Kimiko Glenn,Star Trek: Lower Decks
Kimiko Glenn,Close Enough
Kimiko Glenn,Your Monster
Kimiko Glenn,Carmen Sandiego: To Steal or Not to Steal
Kimiko Glenn,Ghosting: The Spirit of Christmas
Kimiko Glenn,Can You Keep a Secret?
Kimiko Glenn,Spider-Man: Into the Spider-Verse
Kimiko Glenn,Like Father
Kimiko Glenn,In Reality
Kimiko Glenn,Sacred Lies
Kimiko Glenn,Summer Camp Island
Kimiko Glenn,Liza on Demand
Kimiko Glenn,DuckTales
Kimiko Glenn,The Guest Book
Kimiko Glenn,Nerve
Kimiko Glenn,DC's Legends of Tomorrow
Kimiko Glenn,We Bare Bears
Kimiko Glenn,BoJack Horseman
Kimiko Glenn,Married
Kimiko Glenn,Broad City
Kimiko Glenn,The Goldbergs
Kimiko Glenn,Orange Is the New Black
Kimiko Glenn,Drunk History
Kimiko Glenn,Catfish: The TV Show
Kathryn Hahn,Live in Front of a Studio Audience: The Facts of Life and Diff'rent Strokes
Kathryn Hahn,Marvel Studios' 2021 Disney+ Day Special
Kathryn Hahn,The Shrink Next Door
Kathryn Hahn,Ultra City Smiths
Kathryn Hahn,Marvel Studios Assembled
Kathryn Hahn,WandaVision
Kathryn Hahn,Marvel Studios Legends
Kathryn Hahn,The Drew Barrymore Show
Kathryn Hahn,Central Park
Kathryn Hahn,I Know This Much Is True
Kathryn Hahn,Marvel Studios: Expanding the Universe
Kathryn Hahn,Mrs. Fletcher
Kathryn Hahn,Transparent: Musicale Finale
Kathryn Hahn,A Little Late with Lilly Singh
Kathryn Hahn,Spider-Man: Into the Spider-Verse
Kathryn Hahn,The Romanoffs
Kathryn Hahn,Private Life
Kathryn Hahn,Hotel Transylvania 3: Summer Vacation
Kathryn Hahn,A Bad Moms Christmas
Kathryn Hahn,Flower
Kathryn Hahn,I Love Dick
Kathryn Hahn,Bad Moms
Kathryn Hahn,Captain Fantastic
Kathryn Hahn,The Do-Over
Kathryn Hahn,The Family Fang
Kathryn Hahn,Angie Tribeca
Kathryn Hahn,Len and Company
Kathryn Hahn,The Visit
Kathryn Hahn,Close Up with The Hollywood Reporter
Kathryn Hahn,Tomorrowland
Kathryn Hahn,The D Train
Kathryn Hahn,HAPPYish
Stan Lee,"Stan Lee's Mutants, Monsters & Marvels"
Stan Lee,Icons
Stan Lee,Spider-Man
Stan Lee,Spider-Mania
Stan Lee,Behind the Ultimate Spin: The Making of 'Spider-Man'
Stan Lee,Top 10 Comic Book Heroes
Stan Lee,Once Upon a Time: The Super Heroes
Stan Lee,Citizen Toxie: The Toxic Avenger IV
Stan Lee,X-Men: The Mutant Watch
Stan Lee,X-Men
Stan Lee,EP Daily
Stan Lee,Mallrats
Stan Lee,MADtv
Liev Schreiber,Michigan vs. Ohio State:  The Rivalry
Liev Schreiber,Dare To Dream: The Story of the U.S. Women's Soccer Team
Liev Schreiber,Love in the Time of Cholera
Liev Schreiber,The Ten
Liev Schreiber,Brooklyn Dodgers: The Ghosts of Flatbush
Liev Schreiber,24/7
Liev Schreiber,The Living Weapon
Liev Schreiber,The Painted Veil
Liev Schreiber,The Omen
Liev Schreiber,The New Medicine
Liev Schreiber,Oil Storm
Liev Schreiber,Living with Wolves
Liev Schreiber,Perfect Upset: The 1985 Villanova vs. Georgetown NCAA Championship
Liev Schreiber,Robot Chicken
Liev Schreiber,Lackawanna Blues
Liev Schreiber,The Manchurian Candidate
Nicolas Cage,Final Cut: Ladies and Gentlemen
Nicolas Cage,Ghost Rider: Spirit of Vengeance
Nicolas Cage,Trespass
Nicolas Cage,Seeking Justice
Nicolas Cage,Drive Angry
Nicolas Cage,Season of the Witch
Nicolas Cage,With Great Power: The Stan Lee Story
Nicolas Cage,The Sorcerer's Apprentice
Nicolas Cage,"I am My Films, Part 2 - 30 Years Later"
Nicolas Cage,Kick-Ass
Nicolas Cage,Astro Boy
Nicolas Cage,Live from Studio Five
Nicolas Cage,Bad Lieutenant: Port of Call - New Orleans
Nicolas Cage,G-Force
Nicolas Cage,Knowing
Nicolas Cage,Bangkok Dangerous
Nicolas Cage,Roman Polanski: Wanted and Desired
Nicolas Cage,National Treasure: Book of Secrets
Nicolas Cage,Next
Nicolas Cage,Grindhouse
Nicolas Cage,Werewolf Women of the S.S.
Nicolas Cage,Ghost Rider
Nicolas Cage,The Wicker Man
Nicolas Cage,World Trade Center
Nicolas Cage,The Ant Bully
Kimiko Glenn,Law & Order: Special Victims Unit
Kathryn Hahn,The Late Late Show with James Corden
Kathryn Hahn,Transparent
Kathryn Hahn,Celebrity Name Game
Kathryn Hahn,This Is Where I Leave You
Kathryn Hahn,She's Funny That Way
Kathryn Hahn,Last Week Tonight with John Oliver
Kathryn Hahn,Late Night with Seth Meyers
Kathryn Hahn,The Tonight Show Starring Jimmy Fallon
Kathryn Hahn,Off Camera with Sam Jones
Kathryn Hahn,Chozen
Kathryn Hahn,Timms Valley
Kathryn Hahn,The Secret Life of Walter Mitty
Kathryn Hahn,Brooklyn Nine-Nine
Kathryn Hahn,Dark Around the Stars
Kathryn Hahn,Bad Words
Kathryn Hahn,Afternoon Delight
Kathryn Hahn,We're the Millers
Kathryn Hahn,Kroll Show
Kathryn Hahn,The Greatest Event in Television History
Kathryn Hahn,The Newsroom
Kathryn Hahn,Comedy Bang! Bang!
Kathryn Hahn,The Dictator
John Mulaney,Spider-Man: Beyond the Spider-Verse
John Mulaney,Spider-Man: Across the Spider-Verse
John Mulaney,Bupkis
John Mulaney,John Mulaney: Baby J
John Mulaney,Puss in Boots: The Last Wish
John Mulaney,The Best of Netflix Is a Joke: The Festival
John Mulaney,The Bear
John Mulaney,Chip 'n Dale: Rescue Rangers
John Mulaney,The Hall: Honoring the Greats of Stand-Up
Zoë Kravitz,Self-Portrait
Zoë Kravitz,Biter
Zoë Kravitz,The Sundance Kid Might Have Some Regrets
Zoë Kravitz,Black Belle
Zoë Kravitz,The Batman
Zoë Kravitz,Kimi
Zoë Kravitz,Catwoman: The Feline Femme Fatale
Zoë Kravitz,DC FanDome 2021
Zoë Kravitz,A World of Calm
Stan Lee,Spider-Man
Stan Lee,Jugular Wine: A Vampire Odyssey
Stan Lee,The Troma System
Stan Lee,The Overstreet World of Comic Books
Stan Lee,The Comic Book Greats: Compendium
Stan Lee,The Comic Book Greats: Whilce Portacio
Stan Lee,The Comic Book Greats: Will Eisner
Stan Lee,The Comic Book Greats: Jim Lee
Stan Lee,The Comic Book Greats: Bob Kane
Stan Lee,The Comic Book Greats: The Romitas
Stan Lee,The Comic Book Greats: Chris Claremont
Stan Lee,The Comic Book Greats: How to Create a Comic Book
Stan Lee,The Comic Book Greats: Harvey Kurtzman and Jack Davis
Stan Lee,The Comic Book Greats: Rob Liefeld and Todd McFarlane
Stan Lee,The Comic Book Greats: Sergio Aragonés
Stan Lee,The Comic Book Greats: Rob Liefeld
Stan Lee,The Comic Book Greats: Todd McFarlane
Stan Lee,The Ambulance
Stan Lee,The Simpsons
Stan Lee,X-Men: Pryde of the X-Men
Stan Lee,Prisoners of Gravity
Stan Lee,Comic Book Confidential
Stan Lee,The Trial of the Incredible Hulk
Stan Lee,How to Draw Comics the Marvel Way
Stan Lee,The Incredible Hulk
Liev Schreiber,"Rebels of Oakland: The A's, The Raiders, The '70s"
Liev Schreiber,Spinning Boris
Liev Schreiber,Colosseum - Rome's Arena of Death
Liev Schreiber,Hitler: The Rise of Evil
Liev Schreiber,Battle of the X-Planes
Liev Schreiber,The Shakespeare Sessions
Liev Schreiber,Young Dr. Freud
Liev Schreiber,Iron and Beyond
Liev Schreiber,:03 from Gold
Liev Schreiber,The Sum of All Fears
Liev Schreiber,A Brilliant Madness
Liev Schreiber,American Experience: Ulysses S. Grant (Part 2)
Liev Schreiber,Ulysses S. Grant
Liev Schreiber,Do You Believe in Miracles? The Story of the 1980 U.S. Hockey Team
Liev Schreiber,Raw Iron: The Making of 'Pumping Iron'
Liev Schreiber,Kate & Leopold
Liev Schreiber,Hard Knocks
Liev Schreiber,Shot Heard 'Round the World
Liev Schreiber,Fatal Flood
Liev Schreiber,Spring Forward
Liev Schreiber,CSI: Crime Scene Investigation
Liev Schreiber,Ali-Frazier I: One Nation... Divisible
Liev Schreiber,Secrets of the Dead
Liev Schreiber,Hamlet
Liev Schreiber,RKO 281
Liev Schreiber,Scream 3
Liev Schreiber,The Viking Saga -  The Era of The Long Ships
Liev Schreiber,The Hurricane
Liev Schreiber,Jakob the Liar
Nicolas Cage,Moonstruck: At the Heart of an Italian Family
Nicolas Cage,Live 8
Nicolas Cage,The Weather Man
Nicolas Cage,Lord of War
Nicolas Cage,National Treasure
Nicolas Cage,Crossings: John Woo
Nicolas Cage,Matchstick Men
Nicolas Cage,The Music of Valley Girl
Nicolas Cage,Valley Girl: 20 Totally Tubular Years Later
Nicolas Cage,Valley Girl: In Conversation - Nicolas Cage And Martha Coolidge
Nicolas Cage,Celebrities Uncensored
Nicolas Cage,Adaptation.
Nicolas Cage,Sonny
Nicolas Cage,Windtalkers
Nicolas Cage,HypaSpace
Nicolas Cage,Kulturjournal
Nicolas Cage,Christmas Carol: The Movie
Nicolas Cage,Captain Corelli's Mandolin
Nicolas Cage,The Family Man
Nicolas Cage,Gone in Sixty Seconds
Nicolas Cage,Bringing Out the Dead
Nicolas Cage,Where Are They Now?
Nicolas Cage,8MM
Nicolas Cage,Junket Whore
Nicolas Cage,Intimate Portrait: Sean Connery
Nicolas Cage,Snake Eyes
Nicolas Cage,City of Angels
Nicolas Cage,Mythos Hollywood - Das Geheimnis des Erfolgs
Kathryn Hahn,Girls
Kathryn Hahn,Wanderlust
Kathryn Hahn,Free Agents
Kathryn Hahn,Our Idiot Brother
Kathryn Hahn,NTSF:SD:SUV::
Kathryn Hahn,Mad Love
Kathryn Hahn,Traffic Light
Kathryn Hahn,Bob's Burgers
Kathryn Hahn,How Do You Know
Kathryn Hahn,Hung
Kathryn Hahn,"The Goods: Live Hard, Sell Hard"
Kathryn Hahn,Parks and Recreation
Kathryn Hahn,Revolutionary Road
Kathryn Hahn,Childrens Hospital
Kathryn Hahn,Step Brothers
Kathryn Hahn,The Last Mimzy
Kathryn Hahn,The Holiday
Kathryn Hahn,Four Kings
Kathryn Hahn,A Lot Like Love
Kathryn Hahn,Robot Chicken
Kathryn Hahn,American Dad!
Kathryn Hahn,The Late Late Show with Craig Ferguson
Kathryn Hahn,"Wake Up, Ron Burgundy: The Lost Movie"
Kathryn Hahn,Around the Bend
Kathryn Hahn,Anchorman: The Legend of Ron Burgundy
Kathryn Hahn,Win a Date with Tad Hamilton!
Kathryn Hahn,How to Lose a Guy in 10 Days
Kathryn Hahn,Crossing Jordan
Kathryn Hahn,Flushed
John Mulaney,Human Resources
John Mulaney,House Hunters Comedians On Couches: Unfiltered
John Mulaney,The Not-Too-Late Show with Elmo
John Mulaney,John Mulaney & The Sack Lunch Bunch
John Mulaney,Dickinson
John Mulaney,Dressing Funny
John Mulaney,Spider-Ham: Caught in a Ham
John Mulaney,Desus & Mero
John Mulaney,Spider-Man: Into the Spider-Verse
John Mulaney,Back To School Just For Laughs
John Mulaney,John Mulaney: Kid Gorgeous at Radio City
John Mulaney,Seth Rogen's Hilarity for Charity
John Mulaney,Night of Too Many Stars: America Unites for Autism Programs
John Mulaney,David Letterman: The Kennedy Center Mark Twain Prize
John Mulaney,Big Mouth
John Mulaney,"Oh, Hello: Nick Kroll and John Mulaney as Gil Faizon and George St. Geegland"
John Mulaney,"Oh, Hello on Broadway"
John Mulaney,Crashing
John Mulaney,Chelsea
John Mulaney,John Mulaney: The Comeback Kid
John Mulaney,The Late Show with Stephen Colbert
John Mulaney,Documentary Now!
John Mulaney,Hot Ones
John Mulaney,Mulaney
John Mulaney,Late Night with Seth Meyers
John Mulaney,The Tonight Show Starring Jimmy Fallon
John Mulaney,Off Camera with Sam Jones
John Mulaney,The Jeselnik Offensive
John Mulaney,Kroll Show
Zoë Kravitz,Viena and the Fantomes
Zoë Kravitz,High Fidelity
Zoë Kravitz,Spider-Man: Into the Spider-Verse
Zoë Kravitz,Fantastic Beasts: The Crimes of Grindelwald
Zoë Kravitz,Kin
Zoë Kravitz,Rough Night
Zoë Kravitz,Movie Sound Effects: How Do They Do That?
Zoë Kravitz,Gemini
Zoë Kravitz,Batmersive VR Experience
Zoë Kravitz,Big Little Lies
Zoë Kravitz,The Lego Batman Movie
Zoë Kravitz,Fantastic Beasts and Where to Find Them
Zoë Kravitz,Morris and the Cow
Zoë Kravitz,Vincent N Roxxy
Zoë Kravitz,Adam Green's Aladdin
Zoë Kravitz,Allegiant
Zoë Kravitz,Too Legit
Zoë Kravitz,Dope
Zoë Kravitz,Mad Max: Fury Road
Zoë Kravitz,Good Kill
Zoë Kravitz,Insurgent
Zoë Kravitz,Hot Ones
Zoë Kravitz,The Road Within
Zoë Kravitz,Pretend We're Kissing
Zoë Kravitz,Divergent
Luna Lauren Velez,Spider-Man: Beyond the Spider-Verse
Luna Lauren Velez,Transformers: Rise of the Beasts
Luna Lauren Velez,Spider-Man: Across the Spider-Verse
Luna Lauren Velez,Rogue Hostage
Luna Lauren Velez,Power Book II: Ghost
Luna Lauren Velez,Swallow
Luna Lauren Velez,Ana
Luna Lauren Velez,Shaft
Luna Lauren Velez,Windows on the World
Luna Lauren Velez,Spider-Man: Into the Spider-Verse
Luna Lauren Velez,The First Purge
Luna Lauren Velez,Officer Downe
Mahershala Ali,The Plot
Mahershala Ali,Spider-Man: Beyond the Spider-Verse
Mahershala Ali,All Signs of Death
Mahershala Ali,Wildwood
Mahershala Ali,The Personal History of Rachel DuPree
Mahershala Ali,Sovereign
Mahershala Ali,Blade
Mahershala Ali,Leave the World Behind
Stan Lee,The Year 01
Stan Lee,Foreverman
Stan Lee,Panda vs. Aliens
Stan Lee,The New Mutants
Stan Lee,Marvel Rising: Battle of the Bands
Stan Lee,Spider-Man: Far From Home
Stan Lee,Dark Phoenix
Stan Lee,Avengers: Endgame
Stan Lee,Captain Marvel
Stan Lee,Once Upon a Deadpool
Stan Lee,Spider-Man: Into the Spider-Verse
Stan Lee,Marvel Rising: Secret Warriors
Stan Lee,Venom
Stan Lee,Ant-Man and the Wasp
Stan Lee,LEGO Marvel Super Heroes: Black Panther - Trouble in Wakanda
Stan Lee,Deadpool 2
Stan Lee,Avengers: Infinity War
Stan Lee,Black Panther
Stan Lee,Marvel's The Punisher
Stan Lee,The Sandman
Stan Lee,The Gifted
Stan Lee,Thor: Ragnarok
Stan Lee,Inhumans: The First Chapter
Stan Lee,Marvel's Spider-Man
Stan Lee,Marvel's The Defenders
Liev Schreiber,Fists of Freedom: The Story of the '68 Summer Games
Liev Schreiber,Desert Blue
Liev Schreiber,Decoding Nazi Secrets
Liev Schreiber,Meltdown at Three Mile Island
Liev Schreiber,A Walk on the Moon
Liev Schreiber,Babe Ruth
Liev Schreiber,Since You've Been Gone
Liev Schreiber,City Dump: The Story of the 1951 CCNY Basketball Scandal
Liev Schreiber,Twilight
Liev Schreiber,Surviving the Dust Bowl
Liev Schreiber,Sphere
Liev Schreiber,Mr. Miami Beach
Liev Schreiber,Phantoms
Liev Schreiber,Scream 2
Liev Schreiber,The View
Liev Schreiber,Sports on the Silver Screen
Liev Schreiber,The Daytrippers
Liev Schreiber,His and Hers
Liev Schreiber,Scream
Liev Schreiber,Ransom
Liev Schreiber,Big Night
Liev Schreiber,The Sunshine Boys
Liev Schreiber,The Daily Show
Liev Schreiber,Walking and Talking
Liev Schreiber,Spirit of the Games
Liev Schreiber,Party Girl
Liev Schreiber,Mad Love
Liev Schreiber,Denise Calls Up
Nicolas Cage,Inside the Golden Statue
Nicolas Cage,Face/Off
Nicolas Cage,Con Air
Nicolas Cage,The Rock
Nicolas Cage,Shirley Maclaine: Kicking Up Her Heels
Nicolas Cage,Leaving Las Vegas
Nicolas Cage,Kiss of Death
Nicolas Cage,Trapped in Paradise
Nicolas Cage,It Could Happen to You
Nicolas Cage,Hi Octane
Nicolas Cage,Inside the Actors Studio
Nicolas Cage,Guarding Tess
Nicolas Cage,Deadfall
Nicolas Cage,Late Night with Conan O'Brien
Nicolas Cage,Red Rock West
Nicolas Cage,Amos & Andrew
Nicolas Cage,Terry Wogan's Friday Night
Nicolas Cage,Honeymoon in Vegas
Nicolas Cage,MTV Movie & TV Awards
Nicolas Cage,The Tonight Show with Jay Leno
Nicolas Cage,Zandalee
Nicolas Cage,Industrial Symphony No. 1: The Dream of the Brokenhearted
Nicolas Cage,Wild at Heart
Nicolas Cage,Fire Birds
Nicolas Cage,Time to Kill
Nicolas Cage,Never on Tuesday
Nicolas Cage,This Morning
Nicolas Cage,Vampire's Kiss
Nicolas Cage,LIVE with Kelly and Mark
Nicolas Cage,Moonstruck
Nicolas Cage,Raising Arizona
Kathryn Hahn,The View
Kathryn Hahn,Tiny Beautiful Things
Kathryn Hahn,Mrs. Fletcher
John Mulaney,Comedians in Cars Getting Coffee
John Mulaney,John Mulaney: New in Town
John Mulaney,Nick Kroll: Thank You Very Cool
John Mulaney,Conan
John Mulaney,Saturday Night
John Mulaney,Ugly Americans
John Mulaney,The Simpsons
John Mulaney,Saturday Night Live
John Mulaney,John Mulaney: Baby J
John Mulaney,John Mulaney & The Sack Lunch Bunch
John Mulaney,John Mulaney: Kid Gorgeous at Radio City
John Mulaney,"Oh, Hello on Broadway"
John Mulaney,John Mulaney: The Comeback Kid
John Mulaney,Documentary Now!
John Mulaney,Saturday Night Live
John Mulaney,John Mulaney: Baby J
John Mulaney,John Mulaney & The Sack Lunch Bunch
John Mulaney,John Mulaney: Kid Gorgeous at Radio City
John Mulaney,"Oh, Hello on Broadway"
John Mulaney,John Mulaney: The Comeback Kid
John Mulaney,Documentary Now!
John Mulaney,John Mulaney: New in Town
John Mulaney,Saturday Night Live
Zoë Kravitz,The Tonight Show Starring Jimmy Fallon
Zoë Kravitz,Treading Water
Zoë Kravitz,After Earth
Zoë Kravitz,RuPaul's Drag Race All Stars
Zoë Kravitz,X-Men: First Class 35mm Special
Zoë Kravitz,X-Men: First Class
Zoë Kravitz,Yelling To The Sky
Zoë Kravitz,Portlandia
Zoë Kravitz,It's Kind of a Funny Story
Zoë Kravitz,Twelve
Zoë Kravitz,Beware the Gonzo
Zoë Kravitz,The Greatest
Zoë Kravitz,Birds of America
Zoë Kravitz,Assassination of a High School President
Zoë Kravitz,The Brave One
Zoë Kravitz,Californication
Zoë Kravitz,No Reservations
Zoë Kravitz,Saturday Night Live
Zoë Kravitz,Sesame Street
Zoë Kravitz,The Oscars
Zoë Kravitz,Biter
Zoë Kravitz,The Sundance Kid Might Have Some Regrets
Zoë Kravitz,Pussy Island
Zoë Kravitz,High Fidelity
Zoë Kravitz,Pussy Island
Zoë Kravitz,High Fidelity
Zoë Kravitz,Pussy Island
Luna Lauren Velez,America Adrift
Luna Lauren Velez,MacGyver
Luna Lauren Velez,How to Get Away with Murder
Luna Lauren Velez,Elementary
Luna Lauren Velez,Rosewood Lane
Luna Lauren Velez,Unforgettable
Luna Lauren Velez,Blue Bloods
Luna Lauren Velez,Sugar Pathways
Luna Lauren Velez,Dexter
Luna Lauren Velez,Ugly Betty
Luna Lauren Velez,Wanted
Luna Lauren Velez,Numb3rs
Luna Lauren Velez,Medium
Luna Lauren Velez,Law & Order: Criminal Intent
Luna Lauren Velez,Love and Treason
Luna Lauren Velez,Starwater
Luna Lauren Velez,Prince of Central Park
Luna Lauren Velez,Law & Order: Special Victims Unit
Luna Lauren Velez,Thicker Than Blood
Luna Lauren Velez,The LaMastas
Luna Lauren Velez,Oz
Luna Lauren Velez,I Think I Do
Luna Lauren Velez,Profiler
Luna Lauren Velez,The Pretender
Luna Lauren Velez,City Hall
Luna Lauren Velez,I Like It Like That
Luna Lauren Velez,New York Undercover
Luna Lauren Velez,Law & Order
Mahershala Ali,Spider-Man: Across the Spider-Verse
Mahershala Ali,Chimp Empire
Mahershala Ali,Stand
Mahershala Ali,Swan Song
Mahershala Ali,Eternals
Mahershala Ali,Invincible
Mahershala Ali,Amend: The Fight for America
Mahershala Ali,Between the World and Me
Mahershala Ali,A World of Calm
Mahershala Ali,Ramy
Mahershala Ali,Alita: Battle Angel
Mahershala Ali,Spider-Man: Into the Spider-Verse
Mahershala Ali,Green Book
Mahershala Ali,Room 104
Mahershala Ali,Roxanne Roxanne
Mahershala Ali,Hidden Figures
Mahershala Ali,Moonlight
Mahershala Ali,Marvel's Luke Cage
Mahershala Ali,The Realest Real
Mahershala Ali,Kicks
Mahershala Ali,Free State of Jones
Mahershala Ali,Gubagude Ko
Mahershala Ali,Race for the White House
Mahershala Ali,The Hunger Games: Mockingjay - Part 2
Mahershala Ali,The Late Show with Stephen Colbert
Mahershala Ali,Close Up with The Hollywood Reporter
Mahershala Ali,The Mockingjay Lives: The Making of the Hunger Games: Mockingjay Part 1
Mahershala Ali,The Hunger Games: Mockingjay - Part 1
Mahershala Ali,Supremacy
Mahershala Ali,True Detective
Brian Tyree Henry,Sinking Spring
Brian Tyree Henry,Weapons
Brian Tyree Henry,Spider-Man: Beyond the Spider-Verse
Brian Tyree Henry,Transformers One
Brian Tyree Henry,Flint Strong
Brian Tyree Henry,Godzilla x Kong: The New Empire
Brian Tyree Henry,Spider-Man: Across the Spider-Verse
Brian Tyree Henry,Class of '09
Lily Tomlin,Bella!
Stan Lee,Spider-Man: Homecoming
Stan Lee,Marvel's Ant-Man
Stan Lee,God Woke
Stan Lee,Guardians of the Galaxy Vol. 2
Stan Lee,Marvel's Iron Fist
Stan Lee,Logan
Stan Lee,Stan Lee's Lucky Man: The Bracelet Chronicles
Stan Lee,Legion
Stan Lee,Marvel's Agents of S.H.I.E.L.D.: Slingshot
Stan Lee,Doctor Strange
Stan Lee,Hulk: Where Monsters Dwell
Stan Lee,X-Men: Apocalypse
Stan Lee,Captain America: Civil War
Stan Lee,Deadpool
Stan Lee,Marvel Super Hero Adventures: Frost Fight!
Stan Lee,Marvel's Jessica Jones
Stan Lee,LEGO Marvel Super Heroes: Avengers Reassembled!
Stan Lee,Marvel's Guardians of the Galaxy
Stan Lee,Fantastic Four
Stan Lee,Ant-Man
Stan Lee,Avengers: Age of Ultron
Stan Lee,Marvel's Daredevil
Stan Lee,Marvel's Agent Carter
Stan Lee,Marvel Knights: Eternals
Stan Lee,Marvel Knights: Eternals
Liev Schreiber,Buffalo Girls
Liev Schreiber,Two Billion Hearts
Liev Schreiber,Mixed Nuts
Liev Schreiber,Janek: The Silent Betrayal
Liev Schreiber,Late Night with Conan O'Brien
Liev Schreiber,The Tonight Show with Jay Leno
Liev Schreiber,The Simpsons
Liev Schreiber,American Experience
Liev Schreiber,Nature
Liev Schreiber,Saturday Night Live
Liev Schreiber,NOVA
Liev Schreiber,Scream of My Blood: A Gogol Bordello Story
Liev Schreiber,Rule of Two Walls
Liev Schreiber,Ray Donovan: The Movie
Liev Schreiber,Human Capital
Liev Schreiber,Chuck
Liev Schreiber,Spring Forward
Liev Schreiber,Ray Donovan: The Movie
Nicolas Cage,Peggy Sue Got Married
Nicolas Cage,The Boy in Blue
Nicolas Cage,The Cotton Club
Nicolas Cage,Birdy
Nicolas Cage,Racing with the Moon
Nicolas Cage,Rumble Fish
Nicolas Cage,Valley Girl
Nicolas Cage,Fast Times at Ridgemont High
Nicolas Cage,Entertainment Tonight
Nicolas Cage,The Best of Times
Nicolas Cage,"Wetten, dass..?"
Nicolas Cage,Brubaker
Nicolas Cage,Saturday Night Live
Nicolas Cage,Goldene Kamera Verleihung
Nicolas Cage,The Oscars
Nicolas Cage,Highfire
Nicolas Cage,Lords of War
Nicolas Cage,Longlegs
Nicolas Cage,Sympathy for the Devil
Nicolas Cage,The Unbearable Weight of Massive Talent
Nicolas Cage,Pig
Nicolas Cage,Willy's Wonderland
John Mulaney,Long Weekend
John Mulaney,Soul
John Mulaney,Mike Birbiglia: The New One
John Mulaney,Joe Mande's Award-Winning Comedy Special
John Mulaney,Pete Holmes: Faces and Sounds
John Mulaney,Inside Out
John Mulaney,Saturday Night
John Mulaney,Mulaney
Mahershala Ali,Go for Sisters
Mahershala Ali,The Place Beyond the Pines
Mahershala Ali,House of Cards
Mahershala Ali,Alcatraz
Mahershala Ali,Alphas
Mahershala Ali,Predators: The Chosen
Mahershala Ali,Predators: Moments of Extraction
Mahershala Ali,The Wronged Man
Mahershala Ali,Predators
Mahershala Ali,The Curious Birth of Benjamin Button
Mahershala Ali,Crossing Over
Mahershala Ali,Lie to Me
Mahershala Ali,The Curious Case of Benjamin Button
Mahershala Ali,Umi's Heart
Mahershala Ali,Stand Up to Cancer
Mahershala Ali,The Graham Norton Show
Mahershala Ali,The 4400
Mahershala Ali,Threat Matrix
Mahershala Ali,Making Revolution
Mahershala Ali,Crossing Jordan
Mahershala Ali,CSI: Crime Scene Investigation
Mahershala Ali,Law & Order: Special Victims Unit
Mahershala Ali,The View
Mahershala Ali,The Daily Show
Mahershala Ali,The Oscars
Mahershala Ali,The Plot
Mahershala Ali,Swan Song
Mahershala Ali,We Are the Dream: The Kids of the Oakland MLK Oratorical Fest
Brian Tyree Henry,The Magician's Elephant
Brian Tyree Henry,Causeway
Brian Tyree Henry,Bullet Train
Brian Tyree Henry,Marvel Studios Assembled: The Making of Eternals
Brian Tyree Henry,Eternals
Brian Tyree Henry,Vivo
Brian Tyree Henry,The Woman in the Window
Brian Tyree Henry,The Outside Story
Brian Tyree Henry,Godzilla vs. Kong
Brian Tyree Henry,Superintelligence
Brian Tyree Henry,The Great Work Begins: Scenes from Angels in America
Brian Tyree Henry,Joker
Brian Tyree Henry,Don't Let Go
Brian Tyree Henry,Child's Play
Brian Tyree Henry,If Beale Street Could Talk
Brian Tyree Henry,Spider-Man: Into the Spider-Verse
Brian Tyree Henry,Widows
Brian Tyree Henry,Busy Tonight
Brian Tyree Henry,White Boy Rick
Brian Tyree Henry,Family
Brian Tyree Henry,Hotel Artemis
Brian Tyree Henry,Irreplaceable You
Brian Tyree Henry,Drop the Mic
Brian Tyree Henry,Crown Heights
Brian Tyree Henry,Room 104
Brian Tyree Henry,Person to Person
Lily Tomlin,Carol Burnett: 90 Years of Laughter + Love
Lily Tomlin,Moving On
Lily Tomlin,80 for Brady
Lily Tomlin,The Checkup with Dr. David Agus
Lily Tomlin,The Best of Netflix Is a Joke: The Festival
Lily Tomlin,Jane Fonda & Lily Tomlin: Ladies Night Live
Lily Tomlin,Stand Out: An LGBTQ+ Celebration
Lily Tomlin,Still Working 9 to 5
Lily Tomlin,The Martha Mitchell Effect
Lily Tomlin,Live at Mister Kelly's
Lily Tomlin,Emily @ the Edge of Chaos
Lily Tomlin,Waging Change
Lily Tomlin,One World: Together at Home
Lily Tomlin,Dolly Parton: Here I Am
Lily Tomlin,Still Laugh-In: The Stars Celebrate
Lily Tomlin,I Am Richard Pryor
Lily Tomlin,Spider-Man: Into the Spider-Verse
Lily Tomlin,TVTV: Video Revolutionaries
Stan Lee,Guardians of the Galaxy
Stan Lee,X-Men: Days of Future Past
Stan Lee,Avengers Confidential: Black Widow & Punisher
Stan Lee,The Amazing Spider-Man 2
Stan Lee,Captain America: The Winter Soldier
Stan Lee,Marvel Studios: Assembling a Universe
Stan Lee,Stan Lee's Mighty 7
Stan Lee,The Wolverine: Path of a Ronin
Stan Lee,Iron Man & Hulk: Heroes United
Stan Lee,Chakra The Invincible: The Mystery of Mighty Girl
Stan Lee,LEGO MARVEL Super Heroes: Maximum Overload
Stan Lee,Thor: The Dark World
Stan Lee,Marvel's Agents of S.H.I.E.L.D.
Stan Lee,Ultimate Wolverine vs. Hulk
Stan Lee,Marvel's Hulk and the Agents of S.M.A.S.H.
Stan Lee,The Wolverine
Stan Lee,Iron Man: Rise of Technovore
Stan Lee,Iron Man 3
Stan Lee,The Amazing Spider-Man
Stan Lee,The Avengers
Stan Lee,Marvel's Ultimate Spider-Man
Stan Lee,Ghost Rider: Spirit of Vengeance
Stan Lee,Comic-Con Episode IV: A Fan's Hope
Liev Schreiber,Chuck
Liev Schreiber,Everything Is Illuminated
Liev Schreiber,Ray Donovan
Liev Schreiber,Everything Is Illuminated
Liev Schreiber,The Cove
Nicolas Cage,A Score to Settle
Nicolas Cage,Vengeance: A Love Story
Nicolas Cage,Can't Stand Losing You: Surviving The Police
Nicolas Cage,A Thousand Words
Nicolas Cage,The Sorcerer's Apprentice
Nicolas Cage,Bangkok Dangerous
Nicolas Cage,Next
Nicolas Cage,The Dresden Files
Nicolas Cage,The Wicker Man
Nicolas Cage,Lord of War
Nicolas Cage,The Life of David Gale
Nicolas Cage,Sonny
Nicolas Cage,Shadow of the Vampire
Nicolas Cage,What Is It?
Nicolas Cage,Sonny
Brian Tyree Henry,This Is Us
Brian Tyree Henry,Atlanta
Brian Tyree Henry,Vice Principals
Brian Tyree Henry,Close Up with The Hollywood Reporter
Brian Tyree Henry,Puerto Ricans in Paris
Brian Tyree Henry,The Late Late Show with James Corden
Brian Tyree Henry,How to Get Away with Murder
Brian Tyree Henry,BoJack Horseman
Brian Tyree Henry,The Knick
Brian Tyree Henry,My America
Brian Tyree Henry,The Tonight Show Starring Jimmy Fallon
Brian Tyree Henry,Law & Order
Brian Tyree Henry,LIVE with Kelly and Mark
Brian Tyree Henry,The Oscars
Brian Tyree Henry,Sinking Spring
Lily Tomlin,Feminists: What Were They Thinking?
Lily Tomlin,Jane Fonda in Five Acts
Lily Tomlin,Conversations with Coco
Lily Tomlin,Take Flight
Lily Tomlin,The Late Show with Stephen Colbert
Lily Tomlin,Close Up with The Hollywood Reporter
Lily Tomlin,Grandma
Lily Tomlin,Grace and Frankie
Lily Tomlin,The Late Late Show with James Corden
Lily Tomlin,Altman
Lily Tomlin,Trailblazer Honors
Lily Tomlin,The Making of 'Nashville'
Lily Tomlin,Richard Pryor: Omit the Logic
Lily Tomlin,An Apology to Elephants
Lily Tomlin,Admission
Lily Tomlin,Why We Laugh: Funny Women
Lily Tomlin,Inequality for All
Lily Tomlin,Malibu Country
Lily Tomlin,Stars In Shorts
Lily Tomlin,The Procession
Lily Tomlin,Inside Comedy
Stan Lee,Captain America: The First Avenger
Stan Lee,Blade
Stan Lee,X-Men: First Class
Stan Lee,Thor: Tales of Asgard
Stan Lee,Thor
Stan Lee,X-Men
Stan Lee,Wolverine
Stan Lee,The Avengers: Earth's Mightiest Heroes
Stan Lee,Iron Man
Stan Lee,Iron Man 2
Stan Lee,Planet Hulk
Stan Lee,Black Panther
Stan Lee,X-Men Origins: Wolverine
Stan Lee,Hulk vs. Thor
Stan Lee,Hulk vs. Wolverine
Stan Lee,Wolverine and the X-Men
Stan Lee,Punisher: War Zone
Stan Lee,The Spectacular Spider-Man Attack of the Lizard
Stan Lee,Next Avengers: Heroes of Tomorrow
Stan Lee,The Incredible Hulk
Stan Lee,Iron Man
Stan Lee,The Spectacular Spider-Man
Stan Lee,Doctor Strange
Stan Lee,Harpies
Stan Lee,Fantastic Four: Rise of the Silver Surfer
Stan Lee,Spider-Man 3
Stan Lee,The Condor
Stan Lee,The Invincible Iron Man
Stan Lee,Ghost Rider
Lily Tomlin,Vito
Lily Tomlin,Web Therapy
Lily Tomlin,Eastbound & Down
Lily Tomlin,The Pink Panther 2
Lily Tomlin,George Carlin : The Kennedy Center Mark Twain Prize
Lily Tomlin,RuPaul's Drag Race
Lily Tomlin,Web Therapy
Lily Tomlin,Damages
Lily Tomlin,Cutting Edge Comedians of the '60s & '70s
Lily Tomlin,The Graham Norton Show
Lily Tomlin,The Walker
Lily Tomlin,The Ant Bully
Lily Tomlin,A Prairie Home Companion
Lily Tomlin,Happy Birthday Oscar Wilde
Lily Tomlin,Desperate Housewives
Lily Tomlin,I ♥ Huckabees
Lily Tomlin,Superstar in a Housedress: The Life and Legend of Jackie Curtis
Lily Tomlin,"Goodnight, We Love You"
Lily Tomlin,NCIS
Lily Tomlin,Orange County
Lily Tomlin,Bette
Lily Tomlin,The Kid
Lily Tomlin,The Early Show
Lily Tomlin,Saturday Night Live: 25th Anniversary Special
Lily Tomlin,The West Wing
Lily Tomlin,Tea with Mussolini
Lily Tomlin,Get Bruce!
Lily Tomlin,Will & Grace
Lily Tomlin,Krippendorf's Tribe
Lily Tomlin,The View
Jake Johnson,Wildwood
Jake Johnson,Spider-Man: Beyond the Spider-Verse
Jake Johnson,Spider-Man: Across the Spider-Verse
Jake Johnson,Self Reliance
Stan Lee,Fantastic Four: World's Greatest Heroes
Stan Lee,Ultimate Avengers 2: Rise of the Panther
Stan Lee,Who Wants to Be a Superhero?
Stan Lee,Lightspeed
Stan Lee,X-Men: The Last Stand
Stan Lee,Ultimate Avengers: The Movie
Stan Lee,Fantastic Four
Stan Lee,Man-Thing
Stan Lee,Elektra
Stan Lee,Blade: Trinity
Stan Lee,Spider-Man 2
Stan Lee,The Punisher
Stan Lee,Stripperella
Stan Lee,Hulk
Stan Lee,X2
Stan Lee,Daredevil
Stan Lee,Daredevil vs. Spider-Man
Stan Lee,Spider-Man: The Return of the Green Goblin
Stan Lee,Spider-Man
Stan Lee,Blade II
Stan Lee,X-Men: The Mutant Watch
Stan Lee,X-Men: Evolution
Lily Tomlin,Edith Ann's Christmas (Just Say Noël)
Lily Tomlin,E! True Hollywood Story
Lily Tomlin,The Daily Show
Lily Tomlin,Getting Away with Murder
Lily Tomlin,Flirting with Disaster
Lily Tomlin,The Celluloid Closet
Lily Tomlin,Blue in the Face
Lily Tomlin,Peter Allen: The Boy From Oz
Lily Tomlin,The Magic School Bus
Lily Tomlin,Edith Ann: Homeless Go Home
Lily Tomlin,Sesame Street All-Star 25th Birthday: Stars and Street Forever!
Lily Tomlin,But... Seriously
Lily Tomlin,Edith Ann: A Few Pieces of the Puzzle
Lily Tomlin,The Beverly Hillbillies
Lily Tomlin,Frasier
Lily Tomlin,And the Band Played On
Lily Tomlin,The X-Files
Lily Tomlin,Short Cuts
Lily Tomlin,"Luck, Trust & Ketchup: Robert Altman in Carver Country"
Lily Tomlin,Homicide: Life on the Street
Lily Tomlin,An Evening with Lily Tomlin and Friends
Lily Tomlin,The Player
Lily Tomlin,Shadows and Fog
Lily Tomlin,The Search for Signs of Intelligent Life in the Universe
Lily Tomlin,The Simpsons
Lily Tomlin,Free to Be... a Family
Lily Tomlin,Murphy Brown
Lily Tomlin,Big Business
Lily Tomlin,Lily Tomlin
Jake Johnson,"History of the World, Part II"
Jake Johnson,The Challenge: Untold History
Jake Johnson,Lost Ollie
Jake Johnson,Roar
Jake Johnson,Minx
Jake Johnson,Ride the Eagle
Jake Johnson,Cinema Toast
Jake Johnson,Hoops
Jake Johnson,To Plant a Flag
Jake Johnson,Mythic Quest
Jake Johnson,Stumptown
Jake Johnson,Spider-Man: Into the Spider-Verse
Jake Johnson,Tag
Jake Johnson,No Activity
Jake Johnson,Comrade Detective
Jake Johnson,The Mummy
Jake Johnson,Smurfs: The Lost Village
Jake Johnson,Becoming Bond
Jake Johnson,Win It All
Jake Johnson,The Earliest Show
Jake Johnson,LEGO Jurassic World: The Indominus Escape
Jake Johnson,Easy
Jake Johnson,Joshy
Jake Johnson,Mike and Dave Need Wedding Dates
Jake Johnson,No Activity
Jake Johnson,We Bare Bears
Stan Lee,X-Men
Stan Lee,The Avengers: United They Stand
Stan Lee,Spider-Man Unlimited
Stan Lee,Blade
Stan Lee,Nick Fury: Agent of S.H.I.E.L.D.
Stan Lee,Silver Surfer
Stan Lee,Generation X
Stan Lee,The Incredible Hulk
Stan Lee,Spider-Man
Stan Lee,Fantastic Four
Stan Lee,Iron Man
Stan Lee,Biker Mice from Mars
Stan Lee,The Comic Book Greats: Compendium
Stan Lee,The Comic Book Greats: Whilce Portacio
Stan Lee,The Comic Book Greats: Will Eisner
Lily Tomlin,Waiting Tables
Lily Tomlin,All of Me
Lily Tomlin,Lily for President?
Lily Tomlin,The Muppets Go to the Movies
Lily Tomlin,Lily: Sold Out
Lily Tomlin,The Incredible Shrinking Woman
Lily Tomlin,Nine to Five
Lily Tomlin,Appearing Nitely
Lily Tomlin,Moment by Moment
Lily Tomlin,The Paul Simon Special
Lily Tomlin,The Late Show
Lily Tomlin,TVTV Looks at the Oscars
Lily Tomlin,Saturday Night Live
Lily Tomlin,Nashville
Lily Tomlin,Cher
Lily Tomlin,Juke and Opal
Lily Tomlin,Lily
Lily Tomlin,The American Film Institute Salute to ...
Lily Tomlin,Scarecrow in a Garden of Cucumbers
Lily Tomlin,The Electric Company
Lily Tomlin,The Flip Wilson Show
Lily Tomlin,The Music Scene
Jake Johnson,Digging for Fire
Jake Johnson,Jurassic World
Jake Johnson,BoJack Horseman
Jake Johnson,Let's Be Cops
Jake Johnson,Neighbors
Jake Johnson,The Pretty One
Jake Johnson,Off Camera with Sam Jones
Jake Johnson,The Lego Movie
Jake Johnson,Drinking Buddies
Jake Johnson,High School USA!
Jake Johnson,Drunk History
Jake Johnson,Coffee Town
Jake Johnson,The End of Love
Jake Johnson,Junk
Jake Johnson,Comedy Bang! Bang!
Jake Johnson,Safety Not Guaranteed
Jake Johnson,21 Jump Street
Jake Johnson,A Very Harold & Kumar Christmas
Jake Johnson,New Girl
Jake Johnson,Spilt Milk
Stan Lee,The Comic Book Greats: Jim Lee
Stan Lee,The Comic Book Greats: Bob Kane
Stan Lee,The Comic Book Greats: The Romitas
Stan Lee,The Comic Book Greats: Chris Claremont
Stan Lee,The Comic Book Greats: How to Create a Comic Book
Stan Lee,The Comic Book Greats: Harvey Kurtzman and Jack Davis
Stan Lee,X-Men
Stan Lee,The Comic Book Greats: Rob Liefeld and Todd McFarlane
Stan Lee,The Comic Book Greats: Sergio Aragonés
Stan Lee,The Comic Book Greats: Rob Liefeld
Stan Lee,The Comic Book Greats: Todd McFarlane
Stan Lee,Captain America
Stan Lee,X-Men: Pryde of the X-Men
Stan Lee,The Trial of the Incredible Hulk
Stan Lee,The Incredible Hulk Returns
Stan Lee,Captain America II: Death Too Soon
Stan Lee,Captain America
Stan Lee,Bride of the Incredible Hulk
Stan Lee,Dr. Strange
Stan Lee,Ms. Marvel
Stan Lee,Morbius
Stan Lee,What If...?
Stan Lee,Black Widow
Stan Lee,Stan Lee's Superhero Kindergarten
Stan Lee,WandaVision
Stan Lee,Dark Phoenix
Lily Tomlin,The Glen Campbell Goodtime Hour
Lily Tomlin,The Dick Cavett Show
Lily Tomlin,The Carol Burnett Show
Lily Tomlin,Rowan & Martin's Laugh-In
Lily Tomlin,The Tonight Show Starring Johnny Carson
Lily Tomlin,The Mike Douglas Show
Lily Tomlin,Tony Awards
Lily Tomlin,The Oscars
Lily Tomlin,Radium Girls
Lily Tomlin,An Apology to Elephants
Lily Tomlin,Edith Ann's Christmas (Just Say Noël)
Lily Tomlin,Edith Ann: A Few Pieces of the Puzzle
Lily Tomlin,Lily: Sold Out
Lily Tomlin,The Paul Simon Special
Lily Tomlin,Lily
Lily Tomlin,I Am Richard Pryor
Jake Johnson,No Strings Attached
Jake Johnson,Ceremony
Jake Johnson,Get Him to the Greek
Jake Johnson,FlashForward
Jake Johnson,Paper Heart
Jake Johnson,Redbelt
Jake Johnson,Derek and Simon: The Show
Jake Johnson,Bunny Whipped
Jake Johnson,Curb Your Enthusiasm
Jake Johnson,Lego: The Animated Series
Jake Johnson,The Henchmen
Jake Johnson,Self Reliance
Jake Johnson,Ride the Eagle
Jake Johnson,Win It All
Jake Johnson,Digging for Fire
Jake Johnson,Self Reliance
Jake Johnson,Minx
Jake Johnson,Ride the Eagle
Jake Johnson,Win It All
Jake Johnson,Digging for Fire
Jake Johnson,Self Reliance
Jake Johnson,New Girl
Stan Lee,Avengers: Endgame
Stan Lee,Captain Marvel
Stan Lee,Spider-Man: Into the Spider-Verse
Stan Lee,Stan Lee's Lucky Man: The Bracelet Chronicles
Stan Lee,Guardians of the Galaxy
Stan Lee,Captain America: The Winter Soldier
Stan Lee,Chakra The Invincible: The Mystery of Mighty Girl
Stan Lee,Thor: The Dark World
Stan Lee,Thor
Stan Lee,"Stan Lee's Mutants, Monsters & Marvels"
Stan Lee,X-Men: The Mutant Watch
Stan Lee,X-Men
Stan Lee,The Return of the Incredible Hulk
Stan Lee,Spider-Man Versus Kraven the Hunter
Stan Lee,Stan Lee's Superhero Kindergarten
Stan Lee,Stan Lee's Lucky Man
Stan Lee,Stan Lee's Superhumans
Stan Lee,The Super Hero Squad Show
Stan Lee,Who Wants to Be a Superhero?
Stan Lee,The Spectacular Spider-Man
Stan Lee,Who Wants to Be a Superhero?
Stan Lee,Stripperella
Stan Lee,The Avengers: United They Stand
Stan Lee,The Incredible Hulk
Stan Lee,Fantastic Four
Stan Lee,The Incredible Hulk
Stan Lee,Spider-Woman
Stan Lee,Fred and Barney Meet The Thing
Stan Lee,The Fantastic Four
Stan Lee,Spidey Super Stories
Stan Lee,Fantastic Four
Stan Lee,Spider-Man
Stan Lee,The Marvel Super Heroes
Hailee Steinfeld,Spider-Man: Beyond the Spider-Verse
Hailee Steinfeld,Voicemails for Isabelle
Hailee Steinfeld,Spider-Man: Across the Spider-Verse
Hailee Steinfeld,Marvel Studios Assembled: The Making of Hawkeye
Hailee Steinfeld,Hawkeye
Hailee Steinfeld,Marvel Studios' 2021 Disney+ Day Special
Hailee Steinfeld,Arcane
Hailee Steinfeld,Charlie's Angels
Hailee Steinfeld,Dickinson
Hailee Steinfeld,Between Two Ferns: The Movie
Hailee Steinfeld,Bumblebee
Hailee Steinfeld,Spider-Man: Into the Spider-Verse
Hailee Steinfeld,Always at The Carlyle
Hailee Steinfeld,Elton John: I'm Still Standing - A Grammy Salute
Hailee Steinfeld,Pitch Perfect 3
Hailee Steinfeld,iHeartRadio Jingle Ball 2016
Hailee Steinfeld,The Edge of Seventeen
Hailee Steinfeld,iHeartRadio Summer Pool Party 2016
Hailee Steinfeld,Term Life
Hailee Steinfeld,Taylor Swift: The 1989 World Tour - Live
Hailee Steinfeld,The Late Show with Stephen Colbert
Hailee Steinfeld,"10,000 Saints"
Hailee Steinfeld,Pitch Perfect 2
Hailee Steinfeld,Barely Lethal
Hailee Steinfeld,Lip Sync Battle
Hailee Steinfeld,The Late Late Show with James Corden
Hailee Steinfeld,The Keeping Room
Hailee Steinfeld,The Homesman
Hailee Steinfeld,Hateship Loveship
Hailee Steinfeld,The Tonight Show Starring Jimmy Fallon
Hailee Steinfeld,3 Days to Kill
Hailee Steinfeld,Ender's Game
Hailee Steinfeld,Romeo & Juliet
Hailee Steinfeld,Begin Again
Hailee Steinfeld,Letters to Jackie: Remembering President Kennedy
Hailee Steinfeld,The Magic Bracelet
Hailee Steinfeld,Radio Disney Music Awards
Hailee Steinfeld,The Voice
Hailee Steinfeld,True Grit
Hailee Steinfeld,Sons of Tucson
Hailee Steinfeld,Without Wings
Hailee Steinfeld,Grand Cru
Hailee Steinfeld,She's a Fox
Hailee Steinfeld,Back to You
Hailee Steinfeld,The Graham Norton Show
Hailee Steinfeld,MTV Europe Music Awards
Hailee Steinfeld,American Music Awards
Hailee Steinfeld,Sesame Street
Hailee Steinfeld,Dickinson
